author,timestamp,likes,content,video_id,public_status
@sasonoto,2020-05-27T12:23:33Z,13,Mantap. Saya juga lagi belajar sendiri Data Science dan AI.,aXLVJO7f21c,True
@mariasastra298,2020-11-04T16:31:22Z,5,ğŸ˜­thank u! Bener bgt bingung hrus mulai dari mana!,aXLVJO7f21c,True
@fanikosasih698,2022-01-23T02:30:22Z,3,bang saya cek udemy yg complete python bootcamp kkok 799k yaa:'),aXLVJO7f21c,True
@Gaann7497,2021-07-23T04:11:03Z,3,"Bang, kalo machine learning bisa di aplikasikan ke geologi ga?",aXLVJO7f21c,True
@Aulia_D.Arcs.,2021-02-04T14:49:46Z,3,"Thanks bang,mungkin konten selanjutnya bisa lebih ke project implemented",aXLVJO7f21c,True
@teroahooy5276,2021-11-02T09:08:21Z,3,"Bang jadi machine leraning engineering itu ada pekerjaan ngak ya Indonesia, dan apakah pekerjaan nya tetap.",aXLVJO7f21c,True
@dit_project,2023-11-19T03:11:19Z,2,"Bang belajar machine learning di umur 15 worth it gak sih, soalnya gw udah bisa dasar python?",aXLVJO7f21c,True
@nolep5555,2023-03-27T09:51:46Z,2,"bang baru nemu channel lu, sayang gak aktif lagi di yt. Ada sosmed yg bs gw ikutin gak?",aXLVJO7f21c,True
@wayansuarsa8824,2021-02-16T07:05:16Z,2,Trims dik infonya...kebetulan sekarang anak lagi TA ngambil ML di Tekfis ITB,aXLVJO7f21c,True
@lgent2435,2021-04-01T08:22:42Z,2,Kenapa tools-nya dimulai dari TensorFlow bang? Apa keunggulan TF dibandingkan pyTorch?,aXLVJO7f21c,True
@FunGuardian,2020-11-19T04:45:38Z,1,13:20,aXLVJO7f21c,True
@dadan.dahman.w,2021-01-11T17:25:46Z,1,"Gw udh belajar python, udh lulus course juga, ada 2 course yg gw ikutin, tapi ngerasa nya masih belum siap terjun langsung di duni DS. Apa karena masih semester 5",aXLVJO7f21c,True
@andreasagungriantra3315,2021-01-21T07:57:01Z,1,Umur 23 ketinggalan gak kalo mau belajar dari awal lu sebutin? Thanks bro,aXLVJO7f21c,True
@gigihikhsani9487,2020-11-19T00:15:34Z,1,"bang ane kurang ngerti MTK nih (jadi nyesel banyak cabut pas SMA). kira2 ada harapan ga bang buat belajar ML. kalo emang ada, bisa mulainya kaya video ini ga bang?",aXLVJO7f21c,True
@rinsyarifuddin8696,2020-08-07T13:35:23Z,1,"Matematika apa yang dipelajari untuk ML, mengingat matematika banyak cabangnya???",aXLVJO7f21c,True
@fatkur,2021-02-09T10:24:05Z,1,lu belajar ML berapa lama bang? dari 0 sampek lu ngerasa lu bisa bang?,aXLVJO7f21c,True
@m.shiqofilla4246,2021-04-28T10:26:04Z,1,Bang OOP apakah bakal dibutuhkan di ML?,aXLVJO7f21c,True
@rethasigiro2259,2020-07-09T16:16:18Z,1,Keren banget kakakğŸ¤—,aXLVJO7f21c,True
@satriahanif8499,2021-10-09T04:14:33Z,1,"Bang, blajar machine learning apa harus ngerti statistik nggak sih?",aXLVJO7f21c,True
@ekkyarmandi,2021-01-30T04:00:53Z,1,Konten bagus ğŸ‘ğŸ¼ğŸ‘ğŸ¼,aXLVJO7f21c,True
@nurulainifauziah8528,2021-07-07T12:28:55Z,1,"bang mau nanya, apakah kursus atau belajar itu harus yg ada sertifikatnya?",aXLVJO7f21c,True
@muhammadzakifathoni,2022-11-16T00:41:57Z,1,Ini org ajaib ya otaknya banting stir tekfis jd ml engineer. Belajar byk bahasa pemrograman jg... Tips bang,aXLVJO7f21c,True
@rethiszeno2706,2023-08-01T12:50:53Z,1,"gw masih bingung juga bang, soalnya mau ikutan bangkit kebetulan dapet learning path ML",aXLVJO7f21c,True
@Yopikwb,2022-01-31T12:13:43Z,0,Dqlab lagi diskon,aXLVJO7f21c,True
@sayidinaahmadalqososyi9770,2021-02-03T06:55:44Z,0,"Panjang lebar bgt bg untuk bahas koding aja, sampe mau seengah vidio dan diulang trus wkwkw, jadinya aku cepetin vidionya wkwkw",aXLVJO7f21c,True
@ardhiananda224,2021-01-25T21:13:04Z,0,Data Analysis sama data scient itu sama gak si?,aXLVJO7f21c,True
@timmy7774,2021-01-23T09:36:24Z,0,Mas yg jadi iklan di cake ?,aXLVJO7f21c,True
@irkhanazulfa2571,2021-01-22T23:29:13Z,0,Aku cari podcastnya kok gaada ya?,aXLVJO7f21c,True
@dederamdani9779,2023-07-24T14:26:37Z,0,"Terimakasih banget bang, sangat membantu sekali, sukses selalu bang.",aXLVJO7f21c,True
@MuthiaWidya-zg9vo,2021-01-20T09:43:40Z,0,bang...,aXLVJO7f21c,True
@RahmiFadhilahChannel,2023-10-31T02:58:19Z,0,Bang ada rekomendasi sumber belajar belajar machine learning data panel bang?,aXLVJO7f21c,True
@muhammadagung2934,2024-02-03T01:57:18Z,0,bang mtk gw harus pelajarin apaan aja?,aXLVJO7f21c,True
@zaidalkahfiramadhan7013,2020-11-10T06:43:23Z,0,bang sekarang harganya udah gaada diskon lagi. rekomendasi course lagi dengan harga terjangkau dong bang,aXLVJO7f21c,True
@Beljabar,2024-04-01T03:15:39Z,0,"contoh produk machine learning apa aja bg?
mungkin kalo tau hasil akhir machine learning,kita bisa jadi semangat belajarnya..",aXLVJO7f21c,True
@audreyasokawati8654,2020-09-22T05:19:19Z,0,Belajar bahasa R juga ka?,aXLVJO7f21c,True
@agusfirmansyah2713,2020-08-15T09:37:00Z,0,belajar pemograman di usia beraepa bang,aXLVJO7f21c,True
@Januri-mx2mn,2024-04-21T04:32:24Z,0,Bang mau belajar paython donk,aXLVJO7f21c,True
@bymaswisnu,2024-05-18T08:41:32Z,0,Thankyou bang...,aXLVJO7f21c,True
@sahabatariefnusantara,2023-07-18T10:01:52Z,0,Bener lu bang...,aXLVJO7f21c,True
@113_bachtiardanuarta_b2,2023-02-04T11:26:18Z,0,FCC juga ada  juga ko machine learning w/ TF,aXLVJO7f21c,True
@hilmanpermana7167,2021-10-21T05:26:51Z,0,"Wah keren bang penjelasannya, mau tanya bang? Kira - kira materi MTK SMA apa nih yang bakal kepake lagi di ML dan harus dikuatin?",aXLVJO7f21c,True
@andremaulanamubarak5220,2021-06-15T18:44:21Z,0,Bang saya beli buku belajar python tentang Big data apakah itu ada kaitanya juga dengan machine learning?,aXLVJO7f21c,True
@elviracatrinenatalie9521,2021-10-19T01:50:36Z,0,Bang kita bisa menghasilkan uang gak kalau kita sudah bisa membuat machine learning.,aXLVJO7f21c,True
@yoidong8968,2022-03-15T08:34:18Z,0,kursus indonya engga ada ya masà² _à² à² _à² à² _à² ,aXLVJO7f21c,True
@yopiibrahim979,2021-09-20T16:34:59Z,0,"Bang gua tersesat sama datasience, mulai dari mana,  soalnya ujungÂ² Ml bang",aXLVJO7f21c,True
@andrianaardana177,2021-09-09T07:29:30Z,0,Bang kalo buat belajar ML ada spek leptop yang rekomen gk ?,aXLVJO7f21c,True
@adammajid8731,2022-04-17T22:05:09Z,0,terimakasih bang,aXLVJO7f21c,True
@user74555-xyz,2024-09-08T11:53:53Z,0,"bang mau nanya, pas kuliah ikut program msib gitu ga?",aXLVJO7f21c,True
@wiwinyuliana7568,2021-06-13T14:42:03Z,0,kak,aXLVJO7f21c,True
@hhha3119,2022-12-16T08:49:21Z,0,"bangg, kok belajar deep learning dulu? bukannya lbih susah?",aXLVJO7f21c,True
@suryaelz,2022-05-13T22:16:49Z,50,"Bayangin record 12 jam suaranya ga ke record wkwk, ga bang canda, makasih banget ilmunya, semoga balik jadi amal jariyah",WH1SduDRL_Y,True
@aliif,2022-04-17T09:31:03Z,26,"oh ini toh video yang 12 jam lewat 5 menit itu, alhamdulillah terimakasih mas nauval video2 nya boleh nih jadi kayak channel freecodecamp versi indonesia",WH1SduDRL_Y,True
@syahrulapriansyah9484,2022-05-01T05:44:16Z,16,"Makasih kak ilmunya, saya masih masih semester 1 S1 tp udh tertarik sama machine learning, video kyk gini membantu banget kak, saran buat video kyk gini lg kak, tapi bahas  data processing sama visualisasi nya",WH1SduDRL_Y,True
@oki2507,2023-01-12T10:35:31Z,6,Penjelasan yg sangat jelas dan detail... Sukses selalu pak Irwan,WH1SduDRL_Y,True
@muhammadriansyah2568,2022-04-18T16:37:25Z,6,"Terima kasih atas ilmunya pak, kalo boleh rekom, untuk yang K-Means boleh di tambah pak. Soalnya untuk pembelajaran tugas akhir ğŸ™",WH1SduDRL_Y,True
@thearka443,2022-06-04T17:51:18Z,5,"Di 8:29:08, Tabel Kontingensi Humidity kayanya kurang sesuai ya bang? Humidity Normalnya Yes 7 | No 0, padahal di 8:27:32, ada 1 Humidity yang No. Jadinya hasil Tree di 8:31:52, kalo Humidity Normal langsung Yes, padahal harusnya ada 1 kasus bisa jadi No (bercabang lagi sekali). Ini nanya lho Bang barangkali aku salah paham.",WH1SduDRL_Y,True
@godfreyofbouillon1792,2022-04-17T10:39:01Z,5,"ã€ *Personal Timestamp* ã€‘
3:44:10 correlation between variable",WH1SduDRL_Y,True
@belterlimanol8968,2022-04-20T15:09:10Z,4,"mohon maaf pak, klo datanya udah dimanipulasi itu apa masih bisa disebut data?",WH1SduDRL_Y,True
@boo6473,2022-04-17T09:29:32Z,3,ini emang ga ada suaranya?,WH1SduDRL_Y,True
@Andina11,2022-06-28T12:58:05Z,3,"asik kak cara ngajarnya  ga ngebosenin + mudah dimengerti, seru jadi nyimaknya thanks kak sangat bermanfaat",WH1SduDRL_Y,True
@wawan.sulisstia,2022-08-03T15:41:13Z,2,Boleh dibuatkan Automate the Boring Stuff with Python versi Indo gk Pak ğŸ˜…ğŸ’•,WH1SduDRL_Y,True
@dopamine9176,2022-04-18T01:46:15Z,2,"Makasih pak, 12 jam yang sangat bermanfaat",WH1SduDRL_Y,True
@riyotech1721,2022-04-22T00:45:00Z,1,Tahapan yg benar gimana bang? Preprocessing data dulu baru di split atau di split dulu baru di preprocessing? Kalau di split dulu apakah data testnya juga ikut di preprocessing?,WH1SduDRL_Y,True
@rnjaman29,2022-04-19T16:35:03Z,1,Terimakasih pak atas ilmunya,WH1SduDRL_Y,True
@manz1337,2023-07-26T12:19:01Z,1,"Gw subcribe lu bang,keren amat dah,jarang gw nemu org baik kaya eluâ¤",WH1SduDRL_Y,True
@mhdnauvalazhar,2023-03-20T21:39:39Z,1,"Buku belajar machine learning yang digunakan pada video ini ada di link berikut:

https://shp.ee/q3gwheq",WH1SduDRL_Y,True
@aldiakbar5797,2022-04-27T04:11:31Z,1,Terima kasih pak Irwan materinya,WH1SduDRL_Y,True
@pramujapangestu4906,2023-02-15T07:10:28Z,1,"terimakasih pak irwan, penjelasanya asyik. semoga sukses selalu",WH1SduDRL_Y,True
@AndiAlfiSyahrin,2023-01-23T14:28:22Z,1,di sesi one hot encoding kayaknya perlu basic statistika buat ngerti. btw bukannya pake regresi logistik biner ya? soalnya outcomenya binomial,WH1SduDRL_Y,True
@novitasari7825,2022-10-10T05:29:44Z,1,Personal timestamp :,WH1SduDRL_Y,True
@fauzi.wijaya,2024-10-28T10:28:00Z,1,17:05 28/10/2024,WH1SduDRL_Y,True
@ErlanSebastianUsin,2022-04-19T14:57:31Z,1,terimakasih pak ilmunya,WH1SduDRL_Y,True
@mhdnauvalazhar,2022-04-20T10:03:56Z,1,"donate bg ehe: https://trakteer.id/arrayid

kalo lo belum puas belajar di video ini, ayo join kelas machine learning!
https://multinity.id/class/machine-learning-untuk-pemula",WH1SduDRL_Y,True
@nuryasin5431,2022-04-18T09:08:31Z,1,Ada brp bagian Pak?,WH1SduDRL_Y,True
@daffa9763,2024-09-14T06:20:48Z,1,Ilmu mahal dikasih gratisâ¤,WH1SduDRL_Y,True
@ferdiansah9764,2022-04-17T17:00:20Z,1,"wahhh knowledge baru nih , mantep pak",WH1SduDRL_Y,True
@bentosaragih7298,2024-04-14T06:40:24Z,1,"mas, bagi file ppt nya",WH1SduDRL_Y,True
@arma5177,2022-04-17T15:48:01Z,1,Terimakasih Pak Irwan,WH1SduDRL_Y,True
@clotehmedia69,2022-04-18T14:53:09Z,0,Channel narsum di atas boleh cek Irwansight di pencarian YT.. isinya sama2 daging,WH1SduDRL_Y,True
@baniaraja694,2022-05-29T13:47:50Z,0,mirip suara dosen umri pak yoze,WH1SduDRL_Y,True
@gimmickdoangini,2022-05-17T01:59:20Z,0,"Manusia 1/2 Chip bapak ini, gila kali Ilmu nya",WH1SduDRL_Y,True
@yp4279,2022-04-17T14:40:23Z,0,"Mas, meski ga jago math di title, tapi bukannya ttep harus paham dan enjoy ya klo mau enak?",WH1SduDRL_Y,True
@karyanayandi5577,2022-04-17T13:33:06Z,0,mantap,WH1SduDRL_Y,True
@baniaraja694,2022-06-03T23:45:42Z,0,pak saya tertarik bergabung kursus,WH1SduDRL_Y,True
@heloraijin9724,2022-04-17T11:57:20Z,0,Bhs pemrograman yg harus di pelajari apa aja bang buat machine learningğŸ™?,WH1SduDRL_Y,True
@baniaraja694,2022-05-31T03:49:24Z,0,"assalamualaium pak. saya tertarik bergabung pak. saya mau belajar menchine learning pak, kebetulan saya juga lagi skripsi pak temanya menchine learning.",WH1SduDRL_Y,True
@albabriziq,2022-04-17T10:36:48Z,0,Wih pak Irwan,WH1SduDRL_Y,True
@danimusbar,2022-04-17T09:46:16Z,0,Awesome...,WH1SduDRL_Y,True
@prasetiyo7625,2022-06-08T00:27:23Z,0,12jam tanpa kopi super sekaleeee,WH1SduDRL_Y,True
@yusuf5410,2022-05-14T03:03:10Z,0,"Masih setia nunggu tutorial next js crud, dari sekian lamağŸ˜£",WH1SduDRL_Y,True
@novinardianyulianto5372,2022-04-17T16:42:11Z,0,ini channel ga pantes 10k subs sih ğŸ˜­,WH1SduDRL_Y,True
@hardwired66,2022-04-17T16:08:34Z,0,mantap,WH1SduDRL_Y,True
@massofyanhadi,2022-04-18T13:58:01Z,0,gila sih ini..makasih bang,WH1SduDRL_Y,True
@SammiAldhiYanto,2022-05-09T00:41:35Z,0,terima kasih banyak kang atas ilmunya,WH1SduDRL_Y,True
@rajahutan12134,2022-05-07T05:37:59Z,0,boleh minta no wa nya ga pakk ? ğŸ™ğŸ™,WH1SduDRL_Y,True
@ikhsandwisaputraa,2022-04-17T20:20:20Z,0,masyaallah tabarakallah,WH1SduDRL_Y,True
@M11-v9e,2022-04-26T10:51:31Z,0,terima kasih om,WH1SduDRL_Y,True
@jouzuback4230,2022-04-25T01:53:47Z,0,"bang apakah nanti abang membuka kelas ML, AI di udemy? atau sekalian membuka kelas Data Engineer? kalo iya sih, langsung gas buat beli coursenya",WH1SduDRL_Y,True
@33fajar20,2022-04-24T05:37:06Z,0,Terimakasih pak,WH1SduDRL_Y,True
@rizkysouisay1157,2022-04-17T20:22:01Z,0,manntaapp bgt ini materi.. jarang bgt materi kyk gini,WH1SduDRL_Y,True
@raradigital6999,2023-06-22T13:10:51Z,14,"Trimakasih ya pak, saya termasuk anak Indonesia yang belum ada biaya untuk kuliah tapi sangat terbantu oleh penjelasan bapak untuk saya belajar â¤",mEwoAV5_dcA,True
@Yudibilly,2024-04-09T12:57:10Z,10,pendatang baru. dari web programming pindah ke machine learning. A.I >= ML.,mEwoAV5_dcA,True
@sujarwosujarwo1978,2023-06-01T15:41:21Z,6,"pondasi AI SUDAH ADA di ilmu jawa kuno yaitu ilmu titen , trus di bukukan jadi primbon tapi secra visual",mEwoAV5_dcA,True
@inyomanpartayasa8392,2023-03-13T03:29:02Z,3,sangat mudah di pahami bapk.. pokoknya saya suka dengan cara pembelajran bapak...the best,mEwoAV5_dcA,True
@hasnawinawi898,2023-08-28T16:35:17Z,3,"Mantap sekali,,,, Penjelasan Bapak memberikan banyak pencerahan kepada Saya,. Terima kasih banyak pak.,..",mEwoAV5_dcA,True
@rizkipermala8121,2022-11-25T05:59:59Z,3,"Alhamdulillah penjelasannya sangat mudah dimengerti, lebih mantap kalo dikasih referensi Pak, kayak siapa yg menciptakan atau mengusulkan algoritme tsb, dst. 

terima kasih banyak untuk ilmunya Pak ğŸ™",mEwoAV5_dcA,True
@faridnoor1389,2024-04-23T01:55:58Z,2,Alhamdulillah Barokallah Ustadz Fahri,mEwoAV5_dcA,True
@maritaprasetyani6972,2023-12-15T10:33:01Z,2,Terima kasih untuk penjelasannya,mEwoAV5_dcA,True
@youngabrudawg,2022-02-24T08:43:23Z,2,"Makasih banyak pak atas ilmunya, dosen saya pun suruh liat video bapak hehehe, seng tenaaaang masszehhh",mEwoAV5_dcA,True
@donnyfernando5990,2022-11-22T17:30:44Z,2,"Mantap bgt banggg ğŸ”¥ğŸ”¥ğŸ”¥
Mindset dan ilmu di bidang data siencenya terbentuk secara sempurna 
Selama ini saya mencoba memahami ilmu data sience secara otodidak tapi msh kurang paham
Tapi setelah nonton video abang saya paham secara sempurna
Berkah pasti datang kepadamu bang ğŸ˜
Di tunggu bang pelajaran selanjutnya
Udah gue subscribe sama aktifin notifnya",mEwoAV5_dcA,True
@dafariskiprayoga4654,2024-05-31T07:56:04Z,2,"it's been a long time, since i was looking for ML tutorial. Finally found this video which is very easy to understand. Terima kasih banyak Pak!",mEwoAV5_dcA,True
@adeiskandar1349,2023-06-16T02:20:13Z,1,Terimakasih Pak Barakallahu fiik atas ilmunya ğŸ™,mEwoAV5_dcA,True
@erthinwainggai,2023-11-27T01:02:54Z,1,Makasih byk pak ilmunya ğŸ™ğŸ™,mEwoAV5_dcA,True
@ridhorisky86,2023-08-31T19:32:27Z,1,Makasih banyak ya omğŸ™,mEwoAV5_dcA,True
@maniacjoe3088,2022-12-24T17:29:24Z,1,Supervised Learning seperti RAM dengan fitur ECC(Error Code Correction),mEwoAV5_dcA,True
@faridmutaqien8148,2022-09-28T11:41:37Z,1,"Makasih mas , alhamdulillah jadi paham skr",mEwoAV5_dcA,True
@mirfanfauzi5063,2023-06-22T03:08:53Z,1,Terima kasih pak,mEwoAV5_dcA,True
@RandomPositiveLive,2023-05-16T21:46:23Z,1,"Pak apakah saya  bisa berkonsultasi terkait rencana tesis saya terkait penerapan  machine learning terkhusus supervise learning  untuk peningkatan peningkatan literasi digital  melalui platform yang akan di bangun yaitu platform merdeka literasi digital..


Apakah saya bisa meminta sarannya bapak?",mEwoAV5_dcA,True
@juprisupriadi175,2022-09-29T09:11:29Z,1,terimakasih ilmunya. izin menyimak pak,mEwoAV5_dcA,True
@marcellacella8293,2022-10-12T04:32:30Z,1,"Terima kasih untuk ilmu nya sangat membantu, terus berkarya pak",mEwoAV5_dcA,True
@handrymingkid,2023-03-18T03:02:55Z,1,ğŸ‘ğŸ»ğŸ™ğŸ»,mEwoAV5_dcA,True
@jannahroihatul53,2022-02-18T08:03:00Z,1,"Sangat membantu pak, terima kasih!
Ditunggu video selanjutnya, sehat selalu Pak..",mEwoAV5_dcA,True
@MohFaisal-dz8iu,2024-03-14T06:01:34Z,1,Terima kasih banyak pak,mEwoAV5_dcA,True
@riskadwiayulestari9883,2022-02-19T05:00:03Z,1,sukses terus untuk chanelnya pak ğŸ™,mEwoAV5_dcA,True
@yudha6063,2024-06-06T06:23:03Z,1,Coba lgsg praktek d komputer coding nya dan implementasi k Instagram atau k mna yang relevan,mEwoAV5_dcA,True
@abduljapar5433,2024-02-25T08:29:38Z,1,Aduh udh 1 tahun ga upload video lagi,mEwoAV5_dcA,True
@heru6394,2023-01-22T06:28:08Z,0,"Salam, Pak. Trims ilmunya, barokah buat keluarga semoga senantiasa terlimpah. Saya izin bertanya, terkait contoh penentuan berat badan yang ideal, Excel khan mudah sekali melakukan hal itu ya. Kita cukup membuat formula sederhana If-Case di satu sel excel. Dengan demikian, apakah Excel ini termasuk sistem AI?",mEwoAV5_dcA,True
@macha5485,2022-02-16T18:32:54Z,0,Mantab pak fahri ğŸ‘ğŸ‘ğŸ‘,mEwoAV5_dcA,True
@MrSumirat79,2023-03-01T04:31:46Z,0,Ini adalah video pertama yang saya tonton dari channel ini. Sangat membantu dan mudah dipahami. Terima kasih atas ilmunya ğŸ™,mEwoAV5_dcA,True
@hendrabapux277,2023-01-31T11:27:18Z,0,"Bagus banget Pak videonya, mudah dimengerti, terimakasih untuk ilmunya Pak ğŸ™",mEwoAV5_dcA,True
@yogiganteng9231,2023-01-30T16:46:57Z,0,Makasi pak,mEwoAV5_dcA,True
@naufalalfaiiz,2022-02-20T02:52:07Z,0,01:50 lupa diedit pak hehehğŸ˜‚,mEwoAV5_dcA,True
@sholahuddinihsan6391,2022-03-14T02:40:57Z,0,"Alhamdulillah penjelasannya sangat mudah dimengerti, terima kasih banyak pak ğŸ™.",mEwoAV5_dcA,True
@howoyomor,2023-01-25T13:08:29Z,0,"terima kasih admin ,materinya mudah dipahami",mEwoAV5_dcA,True
@arlita03,2022-09-29T00:59:35Z,0,"Bagus penjelasannya mudah dipahami, Reverensi nya ambil dari mana pak? mau dimasukkan kedalam referensi penelitian ğŸ™ğŸ»",mEwoAV5_dcA,True
@dwiwahyuprastyo4447,2023-01-05T00:22:21Z,0,"izin bertanya pak, untuk svm sendiri apakah svm tersebut dapat mengklasifikasikan suatu objek lebih dari 2 kategori pak? terimakasih banyak pak, mohon untuk dijawab ğŸ™",mEwoAV5_dcA,True
@450retnoprihatini9,2022-06-14T00:31:21Z,0,"terimakasih pak,",mEwoAV5_dcA,True
@shireennajwalatifah4446,2022-12-03T14:56:22Z,0,Alhamdulillah.tksh share ilmunya pak.sy lebih paham.barakallah pak.mohon utk buat LG pak Vidio utk prediksi ibu hamil yg mengalami risiko komplikasi kehamilan atau tdk  akan berisiko komplikasi(classifikasi)decesion tree.tksh pak ilmunya,mEwoAV5_dcA,True
@zulhanabdi6548,2022-08-21T17:43:42Z,0,bissmilah ambil topik ML. matur suwun ilmunya pak,mEwoAV5_dcA,True
@supernofa,2022-09-10T12:29:51Z,0,Buku recommendate utk belajar machine learning dari nol apa pak? Tks,mEwoAV5_dcA,True
@risantiicha5458,2022-11-05T14:58:17Z,0,Izin bertanya pak untuk supervised learning regression itu pakai alogaritma apa ya,mEwoAV5_dcA,True
@monicakristin8144,2022-09-25T15:05:25Z,0,Terimakasih,mEwoAV5_dcA,True
@yunitrilestari5368,2022-11-01T04:41:35Z,0,"Terima kasih banyak, sangat membantuu sekali",mEwoAV5_dcA,True
@AgustineRubiyanto,2023-03-29T07:10:56Z,0,Bang kalau penggunaan machine learning di bidang keuangan atau akuntansi itu contohnya seperti apa?,mEwoAV5_dcA,True
@alwipakpahanpakpahan5480,2022-04-17T04:56:27Z,0,Sangat bermanfaat,mEwoAV5_dcA,True
@uwaiskeren2102,2024-11-07T04:19:08Z,0,"Assalamualaikum
Pak, apakah bisa di share materi nya?",mEwoAV5_dcA,True
@atsbitiman,2023-03-29T14:37:35Z,0,Keren.... langsung paham penjabarannya. Terimakasih banyak Pak,mEwoAV5_dcA,True
@galuhmumpuni,2024-01-13T12:36:36Z,0,"Mau skripsi ambil topik ML. Masih bingung, akhirnya nemu ini, saya sangat berterima kasih banyak. Jadi paham.",mEwoAV5_dcA,True
@andiidonk6311,2024-09-12T02:33:03Z,0,kenapa AI sangat mirip dengan machine learning,mEwoAV5_dcA,True
@azeterienaa,2024-08-28T11:57:53Z,0,pa pingin request bahas model2 lainnya juga hehee terima kasih pak atas ilmunya..,mEwoAV5_dcA,True
@aguskrisna2668,2022-03-10T09:09:04Z,5,"Videonya sangat jelas ğŸ‘, Untuk optimasi decision tree dengan algoritma genetika, bagaimana penerapannya di rapidminer ? ğŸ™",ovWY9NZXsPA,True
@youngabrudawg,2022-03-24T06:01:20Z,4,"mohon maaf pak pada menit 34:40 bapak hanya mengaktifkan apply pruning dan apply prepruning pada parameter operator Decision Tree, sedangkan pada parameter random forest tidak, dan bapak mejelaskan kembali hasil result accuracy pada random forest bahwa bapak  menerapkan pruning di parameter operator Random Forest di menit 37:40,, jadi saya masih bingung pak wkwk terimakasih",ovWY9NZXsPA,True
@rida6693,2022-11-05T15:22:33Z,4,"saya baru liat aplikasi rapidminer ini...dengan tutorial yang bapak sajikan diatas, sangat membantu saya belajar tentang rapidminer, terima kasih pak",ovWY9NZXsPA,True
@wiwiksriwilujeng6591,2022-02-21T12:40:39Z,2,"MasyaaAllah sangat bermanfaat pak,
boleh request algortima machine learning support vector machine (svm) pak?
makasih",ovWY9NZXsPA,True
@annissaherman3454,2022-02-23T04:03:49Z,2,"terima kasih pak atas videonya.
izin request yang data mining Association/asosiasi pak,  seperti fp-growth pak ğŸ™ğŸ™",ovWY9NZXsPA,True
@cpuminer4684,2023-11-25T01:19:20Z,1,"penjelasannya sangat mudah diterima, 
mohon juga untuk membuat tutorial ML menggunakan tools Orange pak,
terima kasih sebelumnya",ovWY9NZXsPA,True
@haansky452,2022-09-02T10:49:37Z,1,"Halo pak

Kalo misal pada node 1.1 entropy nya nilainya 0 semua trus 
gainnya juga semua sama di angka 0.6358546 misalnya 


Perhitungan selanjutnya gmna ya pak 
Mohon bantuannya pak ğŸ™",ovWY9NZXsPA,True
@musika3976,2024-05-09T09:27:04Z,1,"Keren pak, semoga menjadi amal jariyah buat bapak melalui video ini, sangat bermanfaat sekali",ovWY9NZXsPA,True
@ladoir9815,2022-08-22T02:30:16Z,1,"Mohon izin bertanya pak, mengenai data testing itu diambil dari mana ya pak? karena saya mengelolah data dari kaggleğŸ™ğŸ»",ovWY9NZXsPA,True
@wesssselowww990,2023-07-10T10:30:38Z,1,"Assalamualaikum pak, apakah decission tree sama dengan algoritma c4.5?",ovWY9NZXsPA,True
@The_remix_sound,2024-06-26T04:15:06Z,1,"Sejauh ini, penjelasan mas yang paling enak ditangkap dengan bahasa yg humble. Terima kasih ya mas, jadi punya opsi topik riset, sama project tim buat di kantor :D",ovWY9NZXsPA,True
@axe5457,2022-02-22T13:39:56Z,1,"Assalamualaikum pak dan terimakasih atas videonya, tolong request pak menggunakan metode svm .

Terimakasih pak , sukses dan sehat terus pak",ovWY9NZXsPA,True
@StoryWADetik-sz2wf,2022-02-27T04:04:46Z,1,Pak kalau pake dataset sendiri itu cara masukin dataset nya bagaimana ?,ovWY9NZXsPA,True
@risdyasantoso454,2022-03-25T09:49:40Z,0,Terima kasih Pak,ovWY9NZXsPA,True
@herikmulya2938,2022-11-27T13:50:52Z,0,"Pak klo data nya kebanyakan angka, karena untuk menguji apakah tindakan yang diambil untuk penurunan defect benar atau tidak",ovWY9NZXsPA,True
@salsabilaekaputri6226,2023-07-07T18:43:55Z,0,"izin bertanya pak, untuk pengklasifikasian apakah featuresnya harus lebih dari 1?",ovWY9NZXsPA,True
@MrValdi,2023-07-07T02:44:54Z,0,"masih gak paham itu data uji itu isinya apa, dan yang di uji apa, terus kalo cuma punya satu data pake split data itu untuk apa?",ovWY9NZXsPA,True
@riomiftahulhuda3396,2023-06-21T03:28:52Z,0,"selamat siang pak, tabel keputusanya dari mana yah pak, jika ada tabel keputusan seperti yang bapak praktekan, apakah bisa dikirim pak , terima kasih",ovWY9NZXsPA,True
@anzelauyun3821,2023-06-06T05:12:23Z,0,"Izin bertanya pak. Untuk menghasilkan rule yang IF - THEN itu bagaimana ya? Dan bagaimana cara membaca pohon keputusannya di description tree, terimakasih, sebelumnya",ovWY9NZXsPA,True
@wildann492,2023-06-04T15:06:53Z,0,untuk membuat retrivenya gimana ya mas?,ovWY9NZXsPA,True
@rekhafarikha8651,2023-05-31T02:56:29Z,0,"Izin bertanya, Pak.
Untuk mendapatkan rule yang ada di pohon keputusannya bagaimana ya, Pak?
Dan untuk menghitung data testing di rapidminernya bagaimana ya, Pak? Karena di bagian hasil hanya data training saja. Terimakasih sebelumnyağŸ™",ovWY9NZXsPA,True
@ferolialasbaun,2023-05-16T04:06:58Z,0,"Hallo pak mau nanya, saya telah mendapatkan pohon keputusannya, tapi saya bingung cara menjelaskan treenya bang, kira"" cara jelaskannya ginmmna bang
Contoh atribut umur knp paling berpengaruh, dan seterusnya sampai dpt keputusannyağŸ™",ovWY9NZXsPA,True
@AbcDef-fe7yt,2023-05-09T14:10:55Z,0,"izin nanya pak, saya punya 3 atribut juga tpi yg kebaca cuma 2 ibaratnya age & gender doang atau age & payment method doang
cara agar semua atribut nya kebaca pas di result tree nya gmna pak?",ovWY9NZXsPA,True
@andiiinnn,2023-03-27T21:25:29Z,0,"Pak, saya boleh izin les privat 1x pertemuan untuk ujian saya?",ovWY9NZXsPA,True
@melachanel9073,2023-01-02T04:48:38Z,0,"Pak mau tanya, smga dibantu ğŸ™
Pak klo untuk mencari rata2 penggunaan bbm perbulan menggunakan algoritma decision tree, ituu biasanya pke label apa ya pak soalnya ini mau mncri rata2 penggunaannya sja, apakah bisa tdk pakai label?",ovWY9NZXsPA,True
@agnesmulyana1437,2022-12-12T19:31:39Z,0,"Mohon izin bertanya pak, dimenit 10.25 pada bagian age dan gender kn ada simbol kuning itu artinya apa yh?",ovWY9NZXsPA,True
@Twinstar78,2022-11-08T17:35:26Z,0,"Salam hormat pak, terima kasih sudah berbagi, berkah di surga, Pak, ijin bertanya jika kita hanya punya 1 data set training  tanpa data set testing gimana ya pak? bagaimana cara membuat data testingnya? terima kasih",ovWY9NZXsPA,True
@FITRIASIHFITRIASIH,2022-11-17T03:07:42Z,0,"siang ka fahry maaf nih video sangat oke, tp kenapa hasil decision tree pada hasil uji saya labelnya tidak muncul tapi cuma prediksinya aja yang muncul bisa info kan ka? penyebabnya",ovWY9NZXsPA,True
@gerarduslasbaun6101,2022-05-14T01:52:02Z,0,"hallo pak 
saya mau nanya, saya mengalami masalah pas saya mengeksekusinya,langkah""nya sudah benar tetapi pas saya klik proses beberapa atribut tidak muncul pak,bahkan atribut target yang saya pilih tidak muncul tetapi muncul atribut yang lain,ğŸ™
mohon bantuan sarannya mengenai masalah yang salah alami pakğŸ™",ovWY9NZXsPA,True
@Trngrm008,2022-10-19T14:40:08Z,0,Assalamualaikum pak. Judul saya ttg implementasi decision tree utk klasifikasi status Gizi pada lansia berbasis web. Itu klw codingnya bisa gak pakai BHS PHP pak?,ovWY9NZXsPA,True
@irhambwi7528,2022-10-19T14:35:30Z,0,Pak.. Mau tanya penentuan atribut apa saja yg digunakan pada training data dasarnya bagaimana?,ovWY9NZXsPA,True
@imamsyahidalhikam506,2022-10-16T09:32:00Z,0,izin bertanya pak metode klasifikasi yang cocok untuk data yang isinya categorical dan numerik apa ya pak?,ovWY9NZXsPA,True
@brinendo,2023-07-21T01:47:06Z,0,"terima kasih pak, sangat membantu sekali penjelasannya",ovWY9NZXsPA,True
@tasyafauziafitriasari9678,2022-09-22T08:31:27Z,0,"pak maaf izin tanya, adakah cara untuk membuat label tersebut jika menggunakan rapidminer?",ovWY9NZXsPA,True
@dsrama1310,2022-03-07T08:29:14Z,0,"Kak, sebelum decision tree itu saya di minta 1 file dataset dijadikan 25% data training dan 75% nya data testing terlebih dahulu, apakah ada tutorialnya? terimakasih",ovWY9NZXsPA,True
@rafinurhidayat9668,2022-03-07T12:19:05Z,0,"Mas mau tanya, rapidmainer punya saya kalau import  Data setelah klik finish kok tidak bisa kesimpan ya? selalu muncul tulisan ""cannot store object at ...."" bagaimana cara mengatasinya ya? terimakasih",ovWY9NZXsPA,True
@donimagas8970,2022-07-30T02:01:01Z,0,"Pak mohon ijin mau tanya,bagaimana cara buat diagram pohon dari analisis chaid yang di mana untuk menggambarkan secara umum dari indikator yang di pake dalam penelitian.",ovWY9NZXsPA,True
@imroaturrozaniyah2600,2022-06-23T00:50:30Z,0,"Maaf pak mau bertanya, untuk angka angka yang ada di tangkainya itu darimana nggih? Apakah dari confidence nya?",ovWY9NZXsPA,True
@ahmadhaniefjaelani4214,2022-06-09T04:54:13Z,0,"pak mohon maaf, untuk menginstall aplikasi rapidminernya ada link nya tidak ya pak ? atau saran dari bapakğŸ™
sukses selalu & terimakasih",ovWY9NZXsPA,True
@rianhidayatullah1429,2022-05-27T09:18:12Z,0,Kalau nampilin kurva roc gimana ya?,ovWY9NZXsPA,True
@monicakristin8144,2022-09-27T15:45:58Z,0,Terimakasih,ovWY9NZXsPA,True
@72_silfiraputricahyaningsu61,2024-10-31T13:57:54Z,0,"izin tanya pak, untuk data training kan data full ya pak? kemudian apakah data testing ini hanya 50% dari data training? seperti itukah pak? 

dan pertanyaan kedua, apakah data testing tidak boleh sama dengan data training? jadi diawal di pisah gitu datanya misal saya ada 100 data, 70data intuk training dan 30 data utk testing? terimakasih pak",ovWY9NZXsPA,True
@difaramadan5604,2023-08-02T21:38:56Z,0,"Pak, maaf mau tanya, apakah aplikasi ini apakah bisa menampilkan presentase akurasi menggunakan metode certainty factor pak ? maaf saya masih kurang paham pak.",ovWY9NZXsPA,True
@mochammadkevinsudrajad8809,2024-06-22T23:00:45Z,0,Kenapa rootnya harus age? kenapa ga gender saja jdi kita tahu gender apa saja yg akan menjadi future costumer dan gainnya caranya gimana,ovWY9NZXsPA,True
@dhamayantidhamayanti4438,2024-04-21T06:24:13Z,0,"Setelah beberapa jam nonton, baru nyadar sepintas mirip ust. Mansur. cara ngomongnya juga",ovWY9NZXsPA,True
@nataliawulan0812,2024-04-28T14:16:51Z,0,"Bapak, bisa minta link download rapidminernya kğŸ™ğŸ»",ovWY9NZXsPA,True
@manz8879,2024-05-11T01:48:12Z,0,"Pak izin bertanya.. 
untuk mengukur akurasi,  apakah perlu menggunakan cross validation atau cukup dengan confussion Matrix saja?",ovWY9NZXsPA,True
@TariTari-me4zj,2024-05-11T23:53:16Z,0,"Pa izin bertanya, operator performance itu untuk uji validitas dan realibilitas kan pa?",ovWY9NZXsPA,True
@markustriwahyudi785,2024-05-26T12:01:34Z,0,Terima kasih pakğŸ™,ovWY9NZXsPA,True
@arfiantopandu9910,2024-06-15T17:48:55Z,0,kalo 1 dataset memakai 3 classifier cara di rapidminernya bagaimana ya ?,ovWY9NZXsPA,True
@arneshafebrasyavera8953,2022-03-17T07:21:45Z,34,"Assalamualaikum pak, saya cuma mau mengucapkan terimakasih banyak berkat video video bapak saya lulus sidang tugas akhir pak, saya membuat klasifikasi spam tweet menggunakan naive bayes, dan dinyatakan lulus, terimakasih banyak sekali lagi pakğŸ™ğŸ™",7TlVncuh5Lo,True
@fahminurdiansyah2060,2023-09-18T08:23:30Z,2,"Terima kasih banyak Pak atas pembelajarannya saya mencoba teknik ini, penjelasannya juga cukup detail Pak jadi saya sedikit mencoba, ilmunya sangat bermanfaat semoga sehat selalu semua sekeluarga Bapak :) sangat #membantu sekali Pak :)",7TlVncuh5Lo,True
@waridatuljannah7323,2023-11-15T02:14:15Z,2,"Bapak sehat sehat yaaa, terimakasih banyak atas ilmunya â¤. Semoga menjadi amal jariyah untuk bapakk",7TlVncuh5Lo,True
@randimursalim9444,2022-03-16T04:24:28Z,2,"Request bang: buat analisis sentimen menggunakan algoritma knn, terus perhitungan similaritas nya pke cosine similarity di rapid miner bangğŸ™",7TlVncuh5Lo,True
@bisriturmidzi7997,2023-03-08T08:08:20Z,2,"P (hitam |B) harusnya 0,6",7TlVncuh5Lo,True
@gelarnurcahya2731,2023-05-28T23:07:57Z,1,"keren mas, kebetulan saya mau buat penelitian untuk membandingkan antara decision tree dan naive bayes ini, semuanya sudah lengkap dan dijelaskan dengan mudah dan dapat dipahami. jazakumullah khairan mas",7TlVncuh5Lo,True
@yyirex,2023-09-11T15:53:50Z,1,"terima kasih kak buat penjelsannyaa udah membantu. btw, kak boleh request tutorial yang memakai cross validation yang buat melihat performancenya gk kak? thank you",7TlVncuh5Lo,True
@tarmisibonenehu8825,2024-02-04T18:29:19Z,1,koreksi pak di menit 6:51 bukannya 6/10 pak karena total bola hitam di wadah B itu 4+2 atau 6,7TlVncuh5Lo,True
@frbutik5134,2022-05-03T03:52:11Z,1,"Permisi pak saya mau bertanya tentang data training misal anak A dinyatakan lulus sekolah. Lalu kita membuat data training dengan atribut unsur dan penilaian tersendiri, nilai nya berbeda misal C semua, untuk class lebel target nya mengikuti apa yang sudah ada? anak si A class lebel target nya lulus, apa mengikuti penilaian yang dibuat sendiri. 
Trimakasih",7TlVncuh5Lo,True
@darmaindragiri3011,2022-07-12T00:44:21Z,1,"Assalamu'alaikum Pak, terimakasih banyak atas penjelasannya.. Sangat membantu sekali dengan pembelajaran saya khususnya saat UAS.. Sukses dan sehat selalu yaa Bapak..",7TlVncuh5Lo,True
@ibnufaisal50,2022-04-08T01:33:36Z,1,"Assalamu'alaikum pak Saya mau bertanya untuk cara perhitungan naive bayes manual misal ada 10 data set dan 1 data testing, 1data testing lalu sudah di hitung dan muncul lagi 1 data testing, cara menghitung nya menggunakan 10 data set apa 11 data set ditambah kan 1 data yang sudah tadi dihitung 
Trimakasih pak",7TlVncuh5Lo,True
@abdulmunif4073,2022-03-28T19:20:52Z,1,Di rapid miner utk menguji/mengklasifukasi data baru bagaimana ya,7TlVncuh5Lo,True
@ndonra,2022-10-10T13:22:46Z,1,"Alhamdulillah penjelasanya sangat detail dan mudah dipahami untuk para pelajar, terimakasih pak Channel yg sangat bermanfaat sehat selalu untuk bapak ğŸ™",7TlVncuh5Lo,True
@hildamutiara7391,2022-11-25T08:51:58Z,0,makasih banyak pak ilmunyaaa!,7TlVncuh5Lo,True
@nasrudinjaqin9072,2022-12-11T15:22:50Z,0,"Assalamu'alaikum pakk.
Ijin Mendownload video videonya buat belajar ya ,mkasih banyak pak ğŸ™",7TlVncuh5Lo,True
@fitriamelia1973,2022-11-07T16:16:16Z,0,"Selamat malam Pak, saya sangat berterimakasih untuk video ini yang sangat bermanfaat bagi saya. Kira kira bapak ada rekomendasi buku machine learning yang bisa saya baca ga yapak yang kira kira menurut bapak bagus untuk dijadikan sumber skripsi, terimakasih  banyak sebelumnya Pak..",7TlVncuh5Lo,True
@renren2801,2022-11-06T05:34:41Z,0,"Assalamualaikum pak, mohon izin bertanya. Kalau menggunakan data gambar untuk klasifikasi, lalu menggunakan CNN bagaimana ya pak. mohon bimbingannya",7TlVncuh5Lo,True
@putridisperindag6986,2022-11-21T07:47:20Z,0,"Selamat siang Pak, Pak mohon pencerahannya Pak tuk Naive Bayes Classifier jika dihadapkan pada data numerik kontinu, Trims Pak",7TlVncuh5Lo,True
@unknown-xp5qw,2023-02-12T10:58:39Z,0,"izin bertanya, apabila pada saat perhitungan excel data berupa data numerik dan salah satu kelas hasilnya 0 bagaimana cara mengatasinya",7TlVncuh5Lo,True
@yudhaprahara6872,2022-12-30T19:02:00Z,0,"asalammulaikum pak, mau tanya pak. saya sedang membuat prediksi bahan baku pempek,  saya pake data penjualan atribut : Jumlah(integer)	Tingkat Jual(sedikit,sedang,banyak)Jenis Pembelian(pesana atau tidak)Restok(iya atau tidak). yang saya tanyakan apakah bisa naive bayes digunakan prediksi bahan baku? saya sudah buat tpi saya tidak mengerti alur prediksiny.. tolong pencerahannya pak terima kasih",7TlVncuh5Lo,True
@AlfinSyarifuddinSyahab,2023-01-23T05:59:58Z,0,"Asslamualaikum Pak Fahri, mohon izin perkenalkan saya Alfin mahasiswa magister TI di UTY. Apakah bisa Naive Bayes untuk klasifikasi polunominal? Tidak hanya ya atau tidak, tetapi bisa mengklasifikasi dengan label rendah, menengah, dan tinggi? Terimakasih",7TlVncuh5Lo,True
@unknown-xp5qw,2023-02-05T14:17:04Z,0,"Maaf Pak izin request, tutor dalam membaca data yang terdapat di situs kaggle u/ dibawa ke skripsi soalnya bingung",7TlVncuh5Lo,True
@upu1000,2023-02-21T15:33:38Z,0,"mas buat yg vesi knime dung,,,,",7TlVncuh5Lo,True
@saddamrabbani6037,2023-03-07T09:34:50Z,0,"terima kasih videonya pak sangat bermanfaat, semoga sehat selalu, jazakallahu khair",7TlVncuh5Lo,True
@claritamutiarasaiman5446,2023-05-04T07:47:15Z,0,"hallo pak, untuk pemodelan menggunakan lexicon based paada rapid miner itu seperti apa ya  pakğŸ™ğŸ™?",7TlVncuh5Lo,True
@devidfrianda7123,2023-05-08T08:11:13Z,0,"Assalamualaikum pak, saya ingin bertanya. saya sudah memiliki dataset review pengguna tix id di playstore (tanggal review, komentar pengguna, versi update aplikasi, skor rating 1-5, ). nah fokus saya itu untuk mengetahui sejauh mana user acceptance pengguna tsb berdasarkan rating 1-5 dgn variabel DANA. saya sudah memiliki datanya. kalau untuk data training dan testingnya bagaimana ya pak? untuk pelabelannya apakah bsa dilakukan dgn fokus rating tsb pak? saya berfokus dengan menggunakan metode naive bayes pak.",7TlVncuh5Lo,True
@ahlunnazar7084,2023-05-10T06:05:53Z,0,"Asalamualaikum pak, judul skripsi saya penerapan metode naive bayes untuk prediksi tingkat kelulusan tepat waktu ujian kompetensi, ituu untuk data nilai nilainya yang di ambil apa aja ya pak, apakah ipknya atau nilai dari hasil ujian kompetensi nya?  Mohon pencerahan nya,",7TlVncuh5Lo,True
@toraogaming1,2023-05-16T03:30:31Z,0,"Pak maaf, file nya ga ada di deskripsi kah?",7TlVncuh5Lo,True
@fedlinalfazri,2023-05-16T08:51:11Z,0,Data yang didapat dari mana pak?,7TlVncuh5Lo,True
@petruswolo6771,2022-10-15T13:33:30Z,0,"Selamat Malam Pak, apakah ada tutorial video utk penggunaan Metode Artificial Neural Network",7TlVncuh5Lo,True
@idaoktaviasalsa2733,2024-11-05T13:25:05Z,0,Assalamualaikum pak kalau datanya ribuan apa hitung nya manual,7TlVncuh5Lo,True
@bataradollynababan734,2022-10-13T23:40:56Z,0,"ijin nanya pak, kalau kita memakai 3 jenis naive bayes yaitu bernoulli, gaussian dan multinominal gimana?",7TlVncuh5Lo,True
@yunisaridwiaestriaisaroh6811,2022-10-13T15:03:36Z,0,"Assalamualaikum pak, saya ingin bertanya skripsi saya berjudul klasifikasi tingkat kepuasan mahasiswa pada pelayanan perpustakaan dan saya masih bingung di model perhitungannya kira2 perhitungan yang tepat menggunakan metode apa ya pak, mohon sekali untuk respon nya pak. Terimakasih",7TlVncuh5Lo,True
@barnesmanurung5090,2022-03-10T19:44:58Z,0,"Hallo pak, salam kenal
Saya manurung, saya mau tanya dan berdiskusi dengan bapak terkait klasifikasi naive bayes bagaimana ya pak
Terimakasih",7TlVncuh5Lo,True
@pakdedivanboxchannel3818,2022-03-11T14:45:07Z,0,"pak buat video klasifikasi data menggunakan metode K-NN pak, saya masih bingung ini untuk penelitian skripsi saya ğŸ˜©",7TlVncuh5Lo,True
@dannystwn666,2022-03-31T13:29:41Z,0,"Assalamualaikum pak, rencananya saya ingin membuat simulasi tata kelola naungan kopi yang standar untuk meningkatkan produksi kopi.. kira kira model perhitungan apa yang tepat pak? Terima kasih..",7TlVncuh5Lo,True
@sepriadibumbungan48,2022-04-08T07:27:19Z,0,Request Pak; cara menerapkan algoritma PSO untuk pemilihan paremeter secara otomatis pada algoritma SVM untuk prediksi yang lebih akurat dengan menggunakan rapidminer. Terima kasih sebelumnya Pak.,7TlVncuh5Lo,True
@kamaludinnoviyanto8589,2022-04-11T10:14:31Z,0,izin belajar pak,7TlVncuh5Lo,True
@dfrozd,2022-04-20T01:51:42Z,0,pak minta link dataset,7TlVncuh5Lo,True
@Miko-mn5vd,2022-04-26T17:42:09Z,0,"Halo Pak, dalam mengukur akurasi kan diperlukan data aktual untuk dibandingkan dengan data hasil prediksi. Berarti kita harus melabeli secara manual seluruh data ujinya terlebih dahulu ya, Pak? Sebelumnya, terima kasih videonya ğŸ™",7TlVncuh5Lo,True
@r.i.t.a5866,2022-05-12T12:14:32Z,0,"Pa izin bertanya, untuk data testing itu harus dilabeli atau ngga apa apa kalo ngga dilabeli?",7TlVncuh5Lo,True
@MrMuhsi,2022-05-30T01:44:39Z,0,Terima kasih sangat bermanfaat,7TlVncuh5Lo,True
@reynaldydion4672,2022-06-09T10:15:56Z,0,"bang ,kalau ini di implementasiin ke excel ada rumusnya ga bang ?",7TlVncuh5Lo,True
@gipay2677,2022-07-04T07:47:33Z,0,"trimaksih atas pencerahanya pak, panjang umur dan semoga sehat selalu",7TlVncuh5Lo,True
@sitinurwahidaarif1087,2022-07-05T01:12:53Z,0,"Pak mau nanya, saya sedang melakukan penelitian tentang pencarian buku menggunakan Naive Bayes saya punya data data buku sesuai jenis bukunya, yaitu buku sipil, elektro, arsitek dan informatika dengan atribut judul,pengarang dan penerbit nah saya mau klasifikasi tpi cara ngasih labelnya gimana pak?semoga di jawab",7TlVncuh5Lo,True
@MrRahmatb,2022-07-11T15:59:06Z,0,selamat malam pak data deal sama deals-testet dapatnya dari mana ya?,7TlVncuh5Lo,True
@andreaspakpahan3271,2022-07-25T03:20:12Z,0,"Assalamu'alaikum pak, izin bertanya, untuk penerapan perhitungan klasifikasi data pada data analisis sentimen apakah bisa diterapkan seperti ini dengan memasukkan data_analisis_sentimen dan model_analisis_sentimen ? izin arahannya pak, terima kasih",7TlVncuh5Lo,True
@mansionmart6732,2022-09-06T14:40:47Z,0,"Mau tanya pak, di New customer kenapa yg dipilih cuman ada 3 ya, old, female dn, cash, sementara gender male sama young juga ada tu, bisa dijelasin pak, saya masih bingung, trimakasih",7TlVncuh5Lo,True
@alfianur_,2022-09-21T13:00:31Z,0,MAKASI BANGEDD BUAT BAPAKNYAAAA... SKRIPSIKU LANCAR HEHE,7TlVncuh5Lo,True
@usyfirdausy5991,2022-09-30T06:49:26Z,0,"Ijin bertanya Pak untuk menit 27:21, bagaimana membaca model yang dihasilkan ketika atributnya berupa data numerik (mean dan standar deviasi) bukan berupa kategori? kemudian secara proses apakah dilakukan klasifikasi pada atribut yang merupakan data numerik sebelum dihitung probabilitasnya?
Terima kasih sebelumnya Pak ğŸ˜Š",7TlVncuh5Lo,True
@muhammadalfihimawana.a6197,2023-04-03T13:52:17Z,9,"Assalamualaikum pak, luar biasa banget cuma di channel ini saya bisa mengerti semua materi machine learning dan AI yang disampaikan pada video2 bapak. Dari logika algoritma machine learning itu sendiri. Jadi tau perbedaan dari mana perhitungannya dan buat apa peruntukannya. Meskipun di vidio ini agak bingung karena dari video sebelumnya yang ke-3 tiba2 sekarang loncat ke-7 hehe ğŸ™ .. Mungkin bisa request pak untuk algoritma Regresi khususnya Regresi linear, SVM, atau juga ANN hehe. Terima kasih banyak pak, semoga lancar rezeki dan sehat selalu ğŸ™",ibEC76Emme8,True
@usyfirdausy5991,2022-09-22T06:20:48Z,2,"Superb penjelasannya, cukup detail dan mudah dipahami. Terima kasih Banyak Pak, semoga terus menghasilkan video-video pembelajaran yang berkualitas. auto subscribe!",ibEC76Emme8,True
@aurisarabina4446,2024-07-22T07:00:57Z,2,"makasih pak membantu bgtt, sehat selalu yaa pak rajin rajin upload, suda saya like share dan subscribeğŸ¥°",ibEC76Emme8,True
@Adaaja_03,2023-11-27T14:16:40Z,2,"The best pak,makasih banyak penjelasanya mudah dimengerti gak berbelit Belit,lanjutkan pak dan sehat selalu ğŸ˜",ibEC76Emme8,True
@REZAFEBRIANA-,2024-05-27T02:34:38Z,1,Terimakasih informasinya sangat membantu dan izin juga isi materinya saya gunakan juga untuk mengajar,ibEC76Emme8,True
@bahrulmubarok15,2023-07-12T02:37:10Z,1,"40:31 menentukan 6 atau 7 kali itu berdasarkan apa ya pak, soalnya saya ditanya itu sama dose. Mohon jawabannya?",ibEC76Emme8,True
@windyali3258,2022-10-29T09:58:00Z,1,"terima kasih banyak bapak. sangat membantu ,sehat sehat ya pak",ibEC76Emme8,True
@GALLEXUS,2023-06-16T07:35:36Z,1,ada video khusus bagian Hierarchical clustering gak pak?,ibEC76Emme8,True
@agneressa9283,2022-11-12T09:03:29Z,1,"keren sekali penjelasannya pak, suara dan tata bahasanya jelas juga mudah dipahami",ibEC76Emme8,True
@GladysFourizaIbanez,2024-02-18T12:52:01Z,1,"Pak ini apa gaada part 2 nya?? pliss setelah menjelajahi konten youtube terkait materi ini, video ini saja yang mudah dipahami dan penyampaiannya sangat jelas. tampilan videonya juga sangat bagus jadi saat ditonton sangat memanjakan mata dan nyaman untuk dipelajarii. Saya rasa durasi 44 menit untuk materi clustering ini masih sangat kuraangg pakk. Mungkin bisa dishare juga tutorial tanpa menggunakan tools rapidminer melainkan menggunakan baris code program di google collab hehehe. pliss pak buatin videonyaaaa. bintang 5 untuk videonyaaâ­â­â­â­â­",ibEC76Emme8,True
@anfieldgank1220,2022-06-19T21:45:20Z,1,"Assalamu'alaikum pak, izin bertanya pak. Kalau untuk data perilaku belajar siswa dengan atribut tertentu seperti nilai  akademik, non akademik, ekonomi dll. Apakah bisa di klaster pak? Terima kasih, klasternya berdasarkan perilaku(sangat baik, baik, biasa, tidak baik, sangat tidak baik) apakah bisa seperti itu pak?",ibEC76Emme8,True
@FauziFayyad,2022-06-28T08:14:26Z,1,"Mantap kontennya pak, mohon diteruskan konten ini pak
Semoga bermanfaat untuk mahasiswa"" seperti kami",ibEC76Emme8,True
@riarismayati257,2023-02-24T03:07:42Z,1,"Assalamualaikum pak.... sebelumnya terimakasih u/ video2 yg sdh dishre selama ini, sangat membantu sekali. terkait dengan Klasterisasi mungkin bs ditambahkan metode FSC (Fuzzy substractive cluster), bagaimanan membentuk klaster dengan metode tersebut. trimakasih sebelumnya",ibEC76Emme8,True
@rozii4907,2022-12-05T12:47:25Z,0,Pak kok  gak update lagi tentang AI,ibEC76Emme8,True
@adikurniawan6730,2022-11-09T15:34:35Z,0,Terimakasih ğŸ™ğŸ™,ibEC76Emme8,True
@anindyadewimaharani2733,2023-01-19T03:27:28Z,0,"Assalamualaikum Pak, izin bertanya pak saya sedang menyusun skripsi text clustering menggunakan k-means dan reduksi dimensi menggunakan SVD di RapidMiner. Kemudian saya ingin menggunakan paramter Local Random Seed dan Determine Good Start Value pada K-Means untuk menunjukan bahwa ada perbedaan nilai DBI yang akan dihasilkan. Namun setelah saya coba inputkan dengan nilai brp pun DBI yang dihasilkan Local Random Seed dan Determine Good Start Value selalu sama. Bagaimana ya Pak itu kenapa bisa atau karena ada pengruh SVD nya Pak?",ibEC76Emme8,True
@abidsaputra147,2022-11-07T07:39:06Z,0,"Permisi pak, apa boleh minta sosmed atau nomor wa nya untuk minta tutor hari data set supervised rapidminer",ibEC76Emme8,True
@febisyarifpermana6226,2023-01-17T13:07:55Z,0,"Assalamu'alaikum pak berarti k-means itu bukan metode klasifikasi tapi klusterisasi?? , kalo Klasifikasi yang udah ada labelnya itu pake metode K-Means atau bukan",ibEC76Emme8,True
@salmafikriani3238,2024-11-06T17:37:53Z,0,"Pak mau nanya kalo di table centeroid nya mau nya cuman atribute (nama, alamat, asal sekolah) tapi di aku hasilnya gini ( nama=..... Nama=.... Dst. Terus alamat=..... Alamat=.... Dst dan asal sekolah=.... Asal sekolah=...... Dst) itu gapapa kan?? Atau bakal ngaruh juga ke hasil nya??",ibEC76Emme8,True
@luthfidhiyar688,2023-01-19T10:48:08Z,0,"Apakah clustering bisa menggunakan 1 data? Jadi hanya X saja,tidak ada Y nya",ibEC76Emme8,True
@heru6394,2023-02-13T04:39:04Z,0,"videonya bagus banget, Pak

yg menurut saya perlu diperdalam dari penyajiannya adalah bagaimana pemaknaan terhadap clustering data tersebut. 

Misalnya, dengan cluster 0 itu, trus apa dan bagaimana kesimpulannya? misalnya bagi pengguna facebook. 

Terima kasih",ibEC76Emme8,True
@ibharoh_bilaizzah9630,2023-02-23T12:58:45Z,0,jika klasifikasi dan klasterisasi dijadikan satu judul apakah bisa pak? Mohon jawabannya,ibEC76Emme8,True
@ajinursalim8403,2022-10-03T15:43:33Z,0,"Mantap apk penjelasanya, request tutorial algoritma svm dong pak",ibEC76Emme8,True
@upu1000,2023-02-26T13:09:24Z,0,apakah di rapidminer tidak ada elbow durve?,ibEC76Emme8,True
@billylee7758,2023-03-13T09:37:38Z,0,MasyaAlloh keren pak,ibEC76Emme8,True
@fennybungkang5120,2023-03-20T12:46:41Z,0,Hallo syalom pak.ijin bertanya topik judul apa yang cocok dengan metode k-means yaa..,ibEC76Emme8,True
@LangitCerah-kr3sn,2023-03-21T12:13:30Z,0,"Permisi Bapak. izin bertanya. Apakah bisa cluster digunakan untuk mengelompokkan hasil scoring dari data, contohnya data rawan banjir. C1 (Sangat Rawan) C2(Rawan) Dst?",ibEC76Emme8,True
@ronaldositepu171,2023-03-23T08:21:12Z,0,"Izin bertanya pak
Skripsi saya menggunakan klasifikasi C4.5
Saya baca banyk jurnal semua  rata rata menggunakan cuma 2 class saja yaitu yes dan no
Bagai mana kalo ada 3 pak
Kebetulan di kasus saya ada 3 class pak
Tolong penjelasan nya pak 
Terimakasih pak ğŸ™ğŸ™",ibEC76Emme8,True
@sitimaghfiroh5447,2023-04-27T19:16:27Z,0,"Pak maaf, ini saya mengerjakan untuk laporan ta,  kok tampilan di bapak sama di saya beda ya .. di saya views nya cuman design sama result aja. Dan di result tampilannya cumab 3 jenis aja pak. Mohon bantuannya, untuk menambahkan bagaimana ya pak?",ibEC76Emme8,True
@heraatiaa,2022-10-22T08:15:16Z,0,"hallo, cara menghapus garis bawah ( _ ) di attribute bagaimana ya pak? yang ditabel atas sendiri, misal asal_kota seperti itu. cara menghilangkannya bagaimana, terimakasih.",ibEC76Emme8,True
@jokopurwantoronn6752,2022-09-20T07:42:41Z,0,Selamat pagi pak numpang tanya apakah rapidMiner bisa untuk digunakan mengukur efektivitas misalnya efektivitas program penanggulangan kemiskinan ?,ibEC76Emme8,True
@udincoba6714,2022-09-28T04:56:07Z,0,"Assalamualaikum..Pak mau tanya, jadi kesimpulan yang bisa diambil dari proses klustering apa ya ? maksud saya apakah dari masing"" kluster ada kesimpulanya ? misal cluster satu adalah postingan yg kurang menarik dan kluster 2 adalah postingan yang menarik...atau seperti apa. mohon pencerahanya Pak, Terimakasih",ibEC76Emme8,True
@Xiririririri,2022-07-04T14:06:37Z,0,Mohon maaf bapak izin bertanya untuk ubah polinomial ke numerical bagaimana ya pak?,ibEC76Emme8,True
@afanari8274,2022-04-20T12:44:41Z,0,"Assalamu'alaikum pak fahri

Saya afan arifian
Mhs Unisnu jepara
Thn 2022 yang pernah ikut seminar data analitic 
Boleh saya minta kontaknya bapak? 
Karena mau minta masukan buku"" Mengenai data mining dll.. Karena buat belajar lagi",ibEC76Emme8,True
@waskitoo2048,2022-04-20T20:12:05Z,0,"permisi ka izin bertanya, saya ingin masuk uty dengan nilai rataâ€™rapor sem 234(80.13,79.20,81.17) bisa diterima di jurusan informatika?",ibEC76Emme8,True
@dinatikariyani8890,2022-04-23T02:10:43Z,0,"wahhh,, baru tau kl UTY juga ternyata. Halo kak salam kenal",ibEC76Emme8,True
@ruditiga454,2022-05-09T22:53:36Z,0,Kak kalau misalkan hasil dari pengklusteran nilainya sama bagaimana kak misal data pertama itu bisa masuk C1 dan C2 nah itu gimana kak karena nilainya sama,ibEC76Emme8,True
@ericdamaris8772,2022-05-17T19:06:06Z,0,"Kak, apakah warna dan nama dari clusternya bisa diganti?",ibEC76Emme8,True
@alfianisahanny2149,2022-05-27T11:18:57Z,0,"Pak mau tanya, keluar dari topik cluster. Kalau klasifikasi dengan algoritma naive bayes datanya bisa numerik atau tidak ? TerimakasihğŸ™ğŸ¼",ibEC76Emme8,True
@jonsu8099,2022-06-14T01:57:35Z,0,rapidminer cuma ada untuk windows ya pak?,ibEC76Emme8,True
@nostragaming6324,2022-06-15T01:06:01Z,0,mantap gan,ibEC76Emme8,True
@messitriyana4423,2022-06-30T01:45:56Z,0,"Assalamualaikum pak, mengapa hasil dari cluster di exel dengan hasil cluster di rapidminer bisa tidak sama ya pak?",ibEC76Emme8,True
@yeyebc8747,2022-07-14T07:23:52Z,0,"Aslmkum pak..izin tanya...perhitungan clustering manual di excel dengan aplikasi rapid miner hasilnya ko bisa berbeda ya pak,apakah ada salah hitung atau gimana ya..terima kasih",ibEC76Emme8,True
@sawhill7990,2023-05-24T10:53:22Z,0,Gak bisa di Download,ibEC76Emme8,True
@yosaoktiviana4384,2022-07-28T04:07:14Z,0,"Terima kasih pak, mudah dipahami penjelasannya. Izin bertanya pak, untuk klasterisasi titik koordinat dengan parameter longitude dan latitude apa bisa diolah langsung dengan rapidminer?",ibEC76Emme8,True
@roarbig5130,2022-07-29T02:22:05Z,0,"Halo Pak Fahri, saat ini saya sedang melakukan ta Pak, saya ingin bertanya seputar seleksi fitur dalam klasifikasi sentimen (nb), lebih tepatnya seleksi fitur dengan information gain, yg saya sudah saya ketahui, ig ini menghilangkan fitur/atribut yg kurang informatif/relevan dengan treeshold tertentu yg ditetapkan sehingga meningkatkan nilai akurasi, namun itu secara garis besarnya saja, untuk lebih detailnya bagaimana yaa pak? Bagaimana ig dapat meningkatkan akurasi klasifikasinya, bisa tolong diberikan penjelasan Pak? Terima Kasih",ibEC76Emme8,True
@alvcil6501,2022-08-01T04:01:05Z,0,"assalamualaikum pak..
Izin bertanya untuk pengelompokan data barang lebih bagus pakai claustering atau klasifikasi .?

Kalau claustering knp ?
Dan kalau klasifikasi kenapa ?",ibEC76Emme8,True
@minarsih0146,2022-08-11T23:57:02Z,0,Cara mengetahui validasi dun index dan silhoute coefisen gimana yah pak?,ibEC76Emme8,True
@dukun4310,2022-08-19T12:51:06Z,0,"terima kasih pak, apakah algoritma deep learning seperti cnn lstm bisa di gunakana aplikasi rapidminer ini.? terima kasih",ibEC76Emme8,True
@nindysyafirameilani7385,2022-08-22T14:37:12Z,0,"Misi pak ijin bertanya, kebetulan skripsi saya berhubungan dengan metode elbow, apakah bapak bisa membagikan link materi atau jurnal yang terkait? Terima kasih",ibEC76Emme8,True
@alman1859,2021-02-04T02:59:00Z,16,"Permisi pak mau nanya hehe, untuk pembelajaran ini rilisnya tiap hari apa?",vqgucRK5K1A,True
@libraryinformatika7956,2021-08-28T00:33:36Z,6,Sangat sangat bermanfaat bagi generasi muda bangsa Indonesia. Semangat Pakk!,vqgucRK5K1A,True
@KelvinMulyawan-,2021-02-11T10:18:09Z,5,"Kak, cara jadiin Jupyter Notebooknya sebagai presentation gimana ya kak ? terima kasih kak",vqgucRK5K1A,True
@cecepyunar9807,2021-03-25T12:20:57Z,4,alhamdulillah bisa belajar online makasih bapak,vqgucRK5K1A,True
@farhanroy7211,2021-10-19T09:46:45Z,3,nice video pak :),vqgucRK5K1A,True
@sayidinaahmadalqososyi9770,2021-02-04T06:39:22Z,3,"Alhamdulillah terimakasih pak yg ditunggu tunggu,semog tetap semngat buat content kyk gini",vqgucRK5K1A,True
@yudiidup7844,2021-11-28T09:58:38Z,3,"halo bang. apa ada video lain yang membahas lebih tentang apa itu variable, label, features, dataframe dan penyebutan lainnya? saya baru dibidang ini dan saya takut salah untuk karya tulis, khususnya bagian menjelaskan kode program saya tidak boleh salah sebut",vqgucRK5K1A,True
@qonitadeifa,2021-02-08T10:16:44Z,3,Auto turn on notifactions! Sangat terbantu dengan adanya channel ini! ğŸ™ğŸ»,vqgucRK5K1A,True
@33keoasa,2023-07-11T15:17:51Z,2,"Bismillah usia sudah 33, ada basic Programming tapi sudah 13 tahun lalu.. Ga mau ketinggalan..

Terimakasih mas budi udah buat channel ini.",vqgucRK5K1A,True
@rivlv29,2021-02-04T02:10:15Z,2,"Mantap, ini yg ku tunggu",vqgucRK5K1A,True
@tommyppg,2021-08-11T16:22:08Z,2,Hats off!,vqgucRK5K1A,True
@hanjo4059,2021-02-04T02:46:13Z,2,WAaahh yg gua tunggu tunggu,vqgucRK5K1A,True
@abc-gl3nb,2021-09-07T03:44:57Z,2,terimakasih materinya mudah dimengerti ğŸ‘ğŸ‘,vqgucRK5K1A,True
@wahidalfaridsi4003,2021-04-12T23:23:33Z,1,"Maaf pak, ada link untuk download bukunya nggk",vqgucRK5K1A,True
@prakomkumham6595,2021-04-28T02:05:16Z,1,Siap mengawal channel ini sampai populer,vqgucRK5K1A,True
@suhermanchandra6830,2021-02-03T17:32:25Z,1,Belajar trus,vqgucRK5K1A,True
@sandywahyu5558,2021-05-12T04:22:51Z,1,"Mohon maaf pak, apakah bisa minta materinya?",vqgucRK5K1A,True
@putraprasetya4433,2021-03-16T18:36:36Z,1,Mantap ğŸ”¥ğŸ‘,vqgucRK5K1A,True
@andremaulanamubarak105,2021-06-29T04:39:38Z,1,kang lieur euy :(,vqgucRK5K1A,True
@taofikrakhman9231,2021-07-04T12:59:27Z,1,Boleh request materi tentang MLflow gak?,vqgucRK5K1A,True
@008_putuadityabhagaskara_n5,2021-03-20T08:50:59Z,1,"Pak cara install jupyter notebook gimana ya

Saya install di ubuntu pake pip install jupyter-notebook yang keluar malah pip not found",vqgucRK5K1A,True
@herlambangkurniawan7338,2021-02-20T13:07:24Z,1,independence variabel termasuk istilah input juga kah mas?,vqgucRK5K1A,True
@adamwaluyo9330,2021-03-12T13:59:23Z,1,link bukunya mana yaaa,vqgucRK5K1A,True
@diaz4440,2021-03-10T04:47:48Z,1,"baru tau nama lain output banyak banget, taunya paling dependent, label, dan respon",vqgucRK5K1A,True
@willemjr5795,2021-02-20T16:40:32Z,1,misi bang.apa data mining itu sama dngan machine Learning?,vqgucRK5K1A,True
@ArfanCaesar,2021-02-04T02:02:12Z,1,Pasukan notif,vqgucRK5K1A,True
@ocinzz,2021-02-09T04:32:33Z,1,mantap pak,vqgucRK5K1A,True
@dadan.dahman.w,2021-02-04T23:44:46Z,1,Bikin discord pak,vqgucRK5K1A,True
@myarist,2021-02-04T05:54:34Z,1,"permisi, apakah ada forum diskusi secara terpadu untuk belajar dan sharing sharing seputar ML ini?",vqgucRK5K1A,True
@ahmadmuslih,2021-02-04T05:51:20Z,1,Mantap pak lanjutkan!!,vqgucRK5K1A,True
@ahanafi-id,2021-02-04T03:15:32Z,1,Terima kasih pak Budi :D,vqgucRK5K1A,True
@hanungdwiprasetyo6330,2021-02-04T02:38:42Z,1,LANJUTKAN PAK ğŸ”¥ğŸ”¥ğŸ”¥,vqgucRK5K1A,True
@cseptian,2021-02-17T16:06:27Z,1,maaf pak link bukunya mana ya?,vqgucRK5K1A,True
@localpedia7169,2021-02-03T10:11:40Z,1,Salam Indonesia belajar,vqgucRK5K1A,True
@hexagaming1218,2021-09-23T16:02:46Z,1,Modul nya bisa di unduh dimana ya ka?,vqgucRK5K1A,True
@nadiastifani3156,2022-01-30T13:18:24Z,1,"Halo pak, lihat script python dibagian mana ya? Soalnya skripsi saya ttg python tapi kurang memahami",vqgucRK5K1A,True
@wilkhi5142,2022-12-02T01:10:58Z,1,Ga ada file notebooknya ya mas di deskripsi?,vqgucRK5K1A,True
@mhmofficial6230,2022-10-08T13:10:59Z,1,Semoga Mendapat Ilmu Yang Manfaat Dan Barokah Dunia Dan Akhirat,vqgucRK5K1A,True
@vidisyafaaat3611,2022-07-30T02:34:18Z,1,Keren ka ada e-book nya ga khusus phyton,vqgucRK5K1A,True
@irmaardiani5945,2022-07-12T15:54:11Z,1,Link bukunya udah gak ada ya,vqgucRK5K1A,True
@Subagyo-Tepil,2022-05-03T07:22:41Z,1,"Haloo apa kakbar mas Budy , keren banget materinya  bagus banget dan penjesalannya sangat mudah dipahami., terimakasih.",vqgucRK5K1A,True
@qienznation9729,2022-02-06T07:50:07Z,1,Min e book nya ada ?,vqgucRK5K1A,True
@mcgungtominay,2022-01-06T12:12:55Z,1,semangat terus pak,vqgucRK5K1A,True
@mandaputri7263,2021-12-14T15:10:32Z,1,Keren bangett chanel nyaa,vqgucRK5K1A,True
@rizkyfadhillah4295,2021-11-28T02:44:31Z,1,"Izin bertanya pak, apakah definisi dari machine learning itu dapat dikatakan merupakan teknik untuk mengimplementasikan Artificial Intelligence?",vqgucRK5K1A,True
@awihamzahrambe3012,2021-11-14T10:45:05Z,1,"Notebook tentang Machine Learning bisa di dapat dimana  pak?
Ada link dowonload nya?",vqgucRK5K1A,True
@CoretanAfivwae,2021-10-19T03:37:39Z,1,"Mohon izin Ikut belajar, manfaat sekali ilmunya",vqgucRK5K1A,True
@sheila_nh,2024-09-04T00:22:29Z,0,discord link is no yet valid,vqgucRK5K1A,True
@zulwisliunp9239,2024-09-14T13:22:36Z,0,Tks. Atas materinya,vqgucRK5K1A,True
@WilkaAlimasdi,2023-10-16T07:38:44Z,0,Terima kasih,vqgucRK5K1A,True
@ryuuryomen3197,2022-02-20T08:40:20Z,28,"Penjelasannya gampang dimengerti kang, kalo dibikin playlist machine learning bagus kayanya",4yvBTwbVzsM,True
@excalibur_m.aditiaauliamal1478,2022-02-20T11:40:36Z,9,pak tolong buat tutorial belajar mesin learning pakek python kyk playlist pyton sebelumnya,4yvBTwbVzsM,True
@_dikay,2022-02-17T17:51:44Z,8,kang request lanjutin bahas ML nya dong kang seru soalnyağŸ˜‚,4yvBTwbVzsM,True
@iqbalagistany,2022-02-23T08:50:28Z,3,kang buat playlist ttg Data Science dong,4yvBTwbVzsM,True
@Kocengarab99,2022-02-20T14:42:10Z,2,Kontenya sangat bermanfaat terimakasih bang,4yvBTwbVzsM,True
@baniaraja694,2022-03-04T17:49:18Z,1,bang tolong di bahas mechine learnig dari dasar misl belajar turunan aljabar linear... terimkasih bang,4yvBTwbVzsM,True
@mr_primeee,2022-02-17T15:41:14Z,1,Hadir,4yvBTwbVzsM,True
@huwaizaid25,2022-02-17T23:51:15Z,1,yang masih smp udah dapet 1 sks merasa banggağŸ™ƒ,4yvBTwbVzsM,True
@PenuDjira,2022-02-21T00:52:46Z,1,"Izin kk. 
Untuk Streaming nya pakai aplikasi apa supaya bisa share screen seperti itu dan bisa menambahkan background nya kk?",4yvBTwbVzsM,True
@sutriarietambing6474,2022-09-16T05:22:54Z,1,"bang boleh usul,  buat konten soal pemodelan perangkat lunak berorientasi objek UML",4yvBTwbVzsM,True
@ahmadha7918,2022-02-20T03:39:11Z,1,"1:02:50 fun fact, lets go to itebeh XD",4yvBTwbVzsM,True
@7UravityHOK,2022-06-30T13:53:51Z,1,semangat terus bang buat konten bermanfaat,4yvBTwbVzsM,True
@adibsyambudi1147,2022-02-20T12:50:19Z,0,Mas faqih nanya dong.untuk template vscode windows yang c++ bisa gk dipake buat bahasa c?,4yvBTwbVzsM,True
@erlanggaard,2022-02-18T12:16:28Z,0,ngezoom seru nih,4yvBTwbVzsM,True
@tewetrw9715,2022-02-20T03:26:40Z,0,Kang izin tanya. Apakah 1 node output bisa mengklasifikasikan 3 label atau harus 3 node output untuk 3 label,4yvBTwbVzsM,True
@ahmadrofiki5462,2022-02-19T16:34:18Z,0,LANJUT KANG!!,4yvBTwbVzsM,True
@agungyogasetiawan4191,2022-02-19T08:02:09Z,0,Lanjut terus kang bahas ml nya,4yvBTwbVzsM,True
@WendyBudiman,2024-10-10T09:27:09Z,0,"Jazakallahu fiik...keren euy, walaupun nontonnya di oktober 2024",4yvBTwbVzsM,True
@mumbulmedia2473,2022-02-18T09:17:28Z,0,Rembang hadir,4yvBTwbVzsM,True
@nabilahhanun2061,2022-02-24T01:32:42Z,0,"bang, coba bikin tutorial tentang deteksi objek pakai matlab dong. lagi tugas akhir butuh pembelajaran :(",4yvBTwbVzsM,True
@musiknoop9923,2022-02-18T02:04:13Z,0,Akhirnya yang tunggu tungu,4yvBTwbVzsM,True
@sopirGaming95,2022-02-18T02:01:30Z,0,kang itu software buat coret2  namanya apa ya??,4yvBTwbVzsM,True
@anom768,2022-02-18T00:10:22Z,0,Gk mudeng ğŸ˜«,4yvBTwbVzsM,True
@rizqihasanuddin5332,2022-02-17T23:48:54Z,0,bang lanjut sesi sharing JKTnya bang,4yvBTwbVzsM,True
@fannorouli6991,2022-02-17T16:54:38Z,0,besok live lagi dong banggg,4yvBTwbVzsM,True
@Mudhya19,2022-02-17T16:50:07Z,0,Bang bahas naivey bayes dan logstic regression karna aku mau metode penelitian dengan penyakit stroke,4yvBTwbVzsM,True
@muhammadrafly4439,2022-02-17T16:17:58Z,0,Absen,4yvBTwbVzsM,True
@anonymous83728,2022-02-17T15:36:53Z,0,Halo bang apa kabar? Saya mampir kesini karena video pembelajaran dasar dasar C++ nya buanyak. (Telat Live),4yvBTwbVzsM,True
@andelamessak,2022-02-18T04:35:49Z,0,Bang tetap bahas deep learning dong,4yvBTwbVzsM,True
@uchihaitachiiis,2022-03-01T12:51:22Z,0,s,4yvBTwbVzsM,True
@codinggoIndonesia,2022-02-28T08:45:07Z,0,terima kasih pak,4yvBTwbVzsM,True
@dapotpardameansitorus7957,2022-07-22T14:28:28Z,0,Keren lo bg aku doain jadi duta programer lu bg,4yvBTwbVzsM,True
@sagaraimamhdimams7488,2024-05-08T12:18:49Z,0,telat 2 tahun,4yvBTwbVzsM,True
@Zuka_Code,2024-04-21T09:24:11Z,0,bang lanjut lagi playlist machine learningnya,4yvBTwbVzsM,True
@Box_Music_Hits,2024-04-02T01:46:35Z,0,"lanjutkan bang episode djangonya, sudah gua subs",4yvBTwbVzsM,True
@wibuslayer183,2024-03-31T16:49:09Z,0,Lanjut machine learning lagi bang,4yvBTwbVzsM,True
@farhansiagian9304,2024-03-04T04:22:53Z,0,"Keren dan insightful bang, sepertinya lebih baik apabila dilanjutkan playlist Machine Learning nya! :) ğŸ’š",4yvBTwbVzsM,True
@jenatdewillson3018,2024-03-03T11:49:19Z,0,Thanks AbangğŸ¤—,4yvBTwbVzsM,True
@muhammadnadhar4794,2024-02-09T07:29:06Z,0,"Cenel nya keren dan asik 
Belajar dengan bercanda
, bercanda berilmu
Hehhehe......
By due saya dari masadepan bg ğŸ—¿",4yvBTwbVzsM,True
@aiueo8962,2023-11-20T12:44:31Z,0,"Gila bang, seru bat, gak kerasa asli!!!!",4yvBTwbVzsM,True
@OnTheSpot001,2023-08-13T03:50:27Z,0,"Forgive meee bhaaaang.... aku baru liat video ini in 2023.. oh my GOD !

betewe, salam untuk ucup dan otong ya",4yvBTwbVzsM,True
@renvils,2022-08-01T23:30:27Z,0,Enak bang penjelasannya mudah dimengerti,4yvBTwbVzsM,True
@Ghs23,2022-07-15T02:54:59Z,0,Saking serunya bener bener ga terasa walaupun 1 jam XD,4yvBTwbVzsM,True
@Niwa-007,2024-07-25T23:26:23Z,0,â¤â¤â¤â¤,4yvBTwbVzsM,True
@ridwansetiawan5416,2022-06-26T16:35:41Z,0,56:39 setuju bgt akhirnya ketemu video yg cocok wkwkwkw,4yvBTwbVzsM,True
@difaleroy7384,2022-05-22T16:27:30Z,0,Di tunggu kang tutorial tensorflow,4yvBTwbVzsM,True
@takayumaja9438,2022-04-13T15:45:04Z,0,jadwal live kuliah terbuka ini hari apa aja kang?,4yvBTwbVzsM,True
@nuryasin5431,2022-04-07T08:41:59Z,0,Dibanyakin Kang yang ginian....,4yvBTwbVzsM,True
@m.nurichsanin7212,2022-03-29T12:41:14Z,0,Kak next buat tutorial belajar HTML sam CSS  donk kak..klo kk yg buat tutorialnya mudah dipahami udh seneng jga ama suara kk.. HEHEHHEğŸ˜ğŸ˜ğŸ™,4yvBTwbVzsM,True
@aldiansyahc8152,2022-03-22T15:31:15Z,0,15:40,4yvBTwbVzsM,True
@sitimawaddah1581,2020-06-29T05:17:22Z,7,"Terimakasih banyak atas penjelasannya pak, tapi saya ingin bertanya pada menit ke 51:00 kenapa yang digunakan sebagai parameter untuk mengukur akurasi adalah variabel y_pred? sedangkan baris sebelumnya menggunakan variabel pred untuk melakukan prediction",Op3019SFYzI,True
@abuaisyah8482,2021-07-31T01:51:25Z,6,yang kusuka Dari channel ini adalah penjelasan dan suaranya sangat jelas... tidak ada back sound yang menganggu,Op3019SFYzI,True
@adefiqri8218,2021-10-20T14:25:55Z,3,"Time stamp
Data visualisation: 20:50 - 34:45",Op3019SFYzI,True
@sayang1980,2020-06-23T12:33:54Z,3,"$ jupyter notebook
[I 19:30:50.426 NotebookApp] The port 8888 is already in use, trying another port.
[W 19:30:50.436 NotebookApp] Terminals not available (error was No module named 'winpty.cywinpty')
[I 19:30:50.437 NotebookApp] Serving notebooks from local directory: C:\Users\USER\kaggle_explorations\Iris_Data_Classification_and_EDA
[I 19:30:50.437 NotebookApp] The Jupyter Notebook is running at:
[I 19:30:50.437 NotebookApp] http://localhost:8889/?token=3224fb3db4edb1320d9ec3e10bc491cba0218493afaabc12
[I 19:30:50.437 NotebookApp]  or http://127.0.0.1:8889/?token=3224fb3db4edb1320d9ec3e10bc491cba0218493afaabc12
[I 19:30:50.437 NotebookApp] Use Control-C to stop this server and shut down all kernels (twice to skip confirmation).
[C 19:30:50.493 NotebookApp]

    To access the notebook, open this file in a browser:
        file:///C:/Users/USER/AppData/Roaming/jupyter/runtime/nbserver-5704-open.html
    Or copy and paste one of these URLs:
        http://localhost:8889/?token=3224fb3db4edb1320d9ec3e10bc491cba0218493afaabc12
     or http://127.0.0.1:8889/?token=3224fb3db4edb1320d9ec3e10bc491cba0218493afaabc12
[I 19:33:19.869 NotebookApp] Interrupted...
[I 19:33:19.870 NotebookApp] Shutting down 0 kernels

tolong dong..",Op3019SFYzI,True
@anangmardiyanto2245,2020-09-06T15:11:18Z,3,mantap penjelasannya...,Op3019SFYzI,True
@kholidfadhil277,2021-02-11T05:27:13Z,3,"channel underrated, harusnya yg kaya gini2 yg viral",Op3019SFYzI,True
@UniverseX-01,2019-12-11T05:11:13Z,2,"terimakasih sudah berbagi pak, semangat!",Op3019SFYzI,True
@muhammadichsanul9034,2020-02-03T14:20:41Z,2,Mantap,Op3019SFYzI,True
@dwiekoraharjo7453,2020-03-01T18:33:33Z,2,bagus gan terusin hehehe klu bs yg lbh kompleks mas masalahnya biar seru,Op3019SFYzI,True
@rexxar031,2020-04-09T20:35:17Z,2,Semangat buat video. You are the hero indonesia need,Op3019SFYzI,True
@saipardopratama371,2020-12-29T15:08:05Z,2,"baguss bangett, semoga sukses teruss pakk
akan saya share ke temen2 jurusan saya supaya lebih mengenal tentang Machine Learning, 
terus berkarya kak, kami menunggu tutorial selanjutnya",Op3019SFYzI,True
@ArifRahman-wi5bf,2019-12-11T00:17:00Z,2,di tunggu tutorial machine learning selanjutnya pak :D,Op3019SFYzI,True
@izzanimationstudio,2020-08-02T18:35:55Z,1,Terimakasih banyak,Op3019SFYzI,True
@DanuraAditya,2020-06-01T12:49:20Z,1,"kereeeen, tapi bisa request gak contoh datasetnya lebih ke data Retail sales, biar ke bayang aja gitu implementasinya bagaimana Jika dalam real nya",Op3019SFYzI,True
@morethantwo9886,2020-04-28T16:05:12Z,1,numpang tanya pak! apa yang harus saya pelajari sebelum belajar Machine Learning. terimakasih,Op3019SFYzI,True
@dwiki428,2020-05-02T17:36:19Z,1,"pak, mau nanya kenapa saya tidak bisa cloning di git bash ya, katanya tidak support gitu",Op3019SFYzI,True
@sermonpaskahzagoto1230,2020-05-06T18:09:34Z,1,"Saya mau tanya kak fungsi dari code ini untuk apa ya? Terima kasih menit ke 41:33
k_range = list(range(1,26))
score = []
for k in range:
        model_knn=KNeighborsClassifier(n_neighbors=k) # konfigurasi algoritma",Op3019SFYzI,True
@codewdew,2020-05-08T12:07:11Z,1,Kenapa ga pakai spss..?,Op3019SFYzI,True
@newsinfosport7039,2020-05-21T04:43:48Z,1,"Ijin bertanya mas, saya punya dataset yang terbagi menjadi 3 bagian yaitu training, validation, dan testing, untuk proses evaluasi model yg saya buat itu menggunakan dataset testing bukan ya?",Op3019SFYzI,True
@quantumhealing3973,2020-06-01T05:44:58Z,1,"Mungkin ini sedikit oot pak, tapi dari dulu ada rasa mengganjal. Saat kita sudah melatih ML kita dengan data train kemudian melanjutkan pengetesan dengan data test, kemudian ML digunakan untuk aplikasi/data yg mana pak? Krn data train biasanya menggunakan 75% dari dataset dan data tes menggunakan 25%. Apakah digunakan untuk dataset lain tp dengan kemiripan yg sama dengan dataset yg kita gunakan utk training dan testing?",Op3019SFYzI,True
@fourtens_,2020-06-14T12:41:37Z,1,auto subscribe!,Op3019SFYzI,True
@sopiansoim7889,2020-08-29T04:38:42Z,1,"Utk kasus data set yg berisi info dr pembacaan sensor yg real time dan kontinyu, kemudian kita mncba forcast data tsb ke depannya seperti apa, tools atau caranya seperti apa ?. Terima kasih",Op3019SFYzI,True
@mfadlifaiz,2020-06-20T05:05:33Z,1,cara membuka layar biru keyak di 2:48 gmana ya?,Op3019SFYzI,True
@sayang1980,2020-06-23T12:17:13Z,1,"disini tulisannya 'jupyter' is not recognized as an internal or external command, operable program or batch file.",Op3019SFYzI,True
@fourtens_,2020-07-02T02:38:09Z,1,apa sih kegunaan testing score?,Op3019SFYzI,True
@FootballInside218,2020-07-21T01:02:49Z,1,untuk instalasi anaconda di linux ubuntu sudah sucses tp kenapa tidak bisa keluar navigator anaconda. yakni untuk masuk code 'source ~/.bashrc' sudah sampe disini tidak bisa lanjut..mohon bantuannya,Op3019SFYzI,True
@fourtens_,2020-08-01T02:56:23Z,1,Bagaimana ya cara meningkatkan akurasi score?,Op3019SFYzI,True
@arifrahmanto6940,2022-03-26T05:23:41Z,1,Min klo mau belajar python secara bertahap di chanel ini bisa dari playlist mana dulu ya urutannya?,Op3019SFYzI,True
@nabilasumarnoputri1488,2020-04-12T17:18:08Z,1,"Pak kan jika ingin ngerun split data, dataset kita tidak boleh ada yg null ya, cara merubah agar tidak null gimana ya?",Op3019SFYzI,True
@MAfrizalSeptiansyah,2020-03-17T12:50:01Z,1,"Assalamualaikum wr wb dan selamat malam. Saya ingin bertanya pak, dalam exploratory data analysis apakah wajib kita mengetahui distribusi probabilitas dari dataset kita contohnya seperti distribusi gausian bernouli dll.?
Mohon pencerahannya pak.",Op3019SFYzI,True
@mzm5160,2020-03-05T08:38:37Z,1,Terima kasih mas  :),Op3019SFYzI,True
@ekkirizkiramadhan3553,2020-03-01T16:58:23Z,1,"Hallo pak, untuk tahapan clustering itu apakah perlu pca/normalisasi? studi kasus yang dipakai adalah data hotspot yang dimana dari dalam data tersebut akan diambil total terjadinya peristiwa hotspot dalam 5 tahun terakhir (pertahun) dari setiap kabupatennya, dalam kasus tersebut terjadi angka jomplang, mohon solusinya pak. Jujur saya sendiri masih sedikit bingung untuk penerapannya, Terma kasih banyak pak ğŸ™",Op3019SFYzI,True
@dodho0,2020-02-27T13:40:00Z,1,"pak, saat melakukan git dengan perintah jupyter lab ""command not found"", tolong pencerahannya,
*saya sudah install jupyter melalui anaconda prompt terlebih dahulu",Op3019SFYzI,True
@alman1859,2020-02-06T15:05:36Z,1,Bang ko untuk algoritma naive bayes ga ada ya?,Op3019SFYzI,True
@fadlimask636,2020-02-05T07:55:43Z,1,itu bener prediksi setiap modelnya sama semua bang?,Op3019SFYzI,True
@gandagirsang,2020-01-26T13:35:55Z,1,"4:10 gak berhasil melakukan perintah ""jupyter lab"", dia bilang bash: jupyter: command not found....Selama ini saya masuk via anaconda navigator. Saya lihat hasilnya sama.Apa ada bedanya ya?",Op3019SFYzI,True
@riziqmaulana,2020-01-26T07:01:46Z,1,"Makasih pak atas sharing nya. saya ingin bertanya : 
1. Cara efektif menentukan berapa persen data untuk di split jadi data test dan data train?
2. Seberapa besar pengaruh random state, misal saya pilih random state 0, dibandingkan dengan 10, dst.
3. Dalam pemilihan nilai K yang ada di video dipilih nilai k=3, padahal accuracy scorenya kecil pak. apakah itu hanya contoh? kemudian jika didapat bbrp nilai k yang menghasilkan score sama lebih baik kita milih k yg paling sedikit atau bagaimana ya?
Terimakasih pak, mohon dijawab hehe",Op3019SFYzI,True
@lashort4067,2020-01-12T12:47:24Z,1,kalo kita jalanin tutorial ini di collab bisa gk? kan datasetnya ada di library vegaset.,Op3019SFYzI,True
@ronnyfahrudin,2020-01-10T06:07:17Z,1,Browser saya gk bisa buka kaggle knapa ya?,Op3019SFYzI,True
@duniait9286,2020-01-04T08:15:14Z,1,Bang tolong buat tutorianya dengan windows dong bang,Op3019SFYzI,True
@tioriswanto1449,2019-12-23T12:11:56Z,1,Makasih pak,Op3019SFYzI,True
@DarrenAndereas,2019-12-19T10:03:41Z,1,Siap Belajarrrrrr,Op3019SFYzI,True
@arifkarisman1016,2019-12-18T16:43:07Z,1,Terima kasih pk.. smoga tambah berkah.. sma markdown nya yg paling atas lupa di jelasin ya pk.. hehe tpi dh mantab nih pk.. skli lagi trimakasih bnyak..,Op3019SFYzI,True
@alangame7749,2019-12-11T11:34:26Z,1,"Ditunggu Upload Text miningnya Bang, Kebetulan skripsi saya ttg analisis sentimen",Op3019SFYzI,True
@prissa14,2024-06-03T06:56:21Z,1,"Mau nanya, kenapa di saya saat ingin melakukan corelasi  antar kolom tidak bisa secara otomatis ya?
Terdapat error ( kolom spesies berupa objek), jadi harus utak- atik cari cara lain buat nampilin corelasi.
Saya menggunakan Jupiter notebook dari vs code tidak bisa melakukan corelasi secara otomatis pada dataset yg terdapat kolom objek ?ğŸ™ğŸ»",Op3019SFYzI,True
@rinsyarifuddin8696,2020-08-16T02:06:47Z,1,Pak belajar pada part satu satu ini apa harus menggunakan Jupiter lab saja atau bisa menggunakan Jupiter notebook juga?,Op3019SFYzI,True
@musihardiyanto6832,2020-09-19T07:01:53Z,1,"mau tanya, kalau di pandas itu bisa menggunakan metode apa aja ya ?",Op3019SFYzI,True
@rosalinarosa5029,2021-02-16T07:24:06Z,1,"pak, kalau pengguna windows apakah perlu menginstall git?",Op3019SFYzI,True
@itsrivenspace,2020-12-18T10:31:38Z,1,"ternyata ada yang versi indonesianya. thank youu kaaa
auto subscribe",Op3019SFYzI,True
@nekowuwow5767,2021-04-30T10:41:18Z,1,cara panggil jupyter di git bash untuk W10 bagaimana ya? terima kasih,Op3019SFYzI,True
@senaxionaria4732,2020-06-05T22:52:17Z,6,"selama ini nyoba belajar kaggle sendiri lewat course di webnya, bolak balik masih ada aja yang kurang paham. kebantu banget untuk melengkapi yang kayak gitu. terimakasih sekali ya kak. oiya selain yang komunitas offline yang dibandung, apakah ada yang semacamnya di online? seperti discord, kaskus atau semacamnya?. sekali lagi terimakasih ya kak, keep up the good job.",DY10uyDy3vQ,True
@judaspontifex,2020-03-17T14:55:25Z,5,"terimakasih banyak pak tutorialnya , selama ini belajar materi nya belum tau penerapan nya , semuanya berubah ketika menemukan channel ini  ğŸ˜. di tunggu part selanjutnya pak !",DY10uyDy3vQ,True
@ragaistanto6722,2020-08-15T04:37:36Z,4,"Mantap videonya.
Saya juga ada nih rekomendasi lain buat belajar Deep Learning pada python 3 siapa tau cocok hehe.

https://youtu.be/NJZhHeh6aT8",DY10uyDy3vQ,True
@spilldin,2020-06-19T15:50:53Z,2,"kenapa waktu bagian training pasti ""could not convert string to float"" apa ini khusus untuk float?",DY10uyDy3vQ,True
@pierrehaumahu134,2020-02-08T02:56:16Z,2,"maaf min, mau nanya...
apakah MSE (Mean Squared Error) maupun MAE (Mean Absolute Error) hanya dipakai utk evaluasi model regresi saja ??
atau bsa juga dipakai utk evaluasi model klasifikasi ??

Terima Kasih sebelumnya",DY10uyDy3vQ,True
@joyboy3137,2020-05-06T22:37:30Z,2,"ini channel yang selama ini saya cari2.. terimakasih min atas ilmunya, semoga bermanfaat bagi kita semuanya",DY10uyDy3vQ,True
@prasetyofajar2535,2021-04-25T15:47:05Z,2,"Izin bertanya pak, data saya itu typenya bukan float tapi string, pas saya coba nggak bisa. Gimana ya caranya ngubah string ke float?",DY10uyDy3vQ,True
@rizkiyoga9704,2021-09-23T14:13:02Z,2,"tutorial yang sangat mudah dimengerti dan sangat bermanfaat, terima kasih banyak pak...",DY10uyDy3vQ,True
@deniardiansyah6583,2020-09-09T03:57:07Z,2,"Kak, saya mau tanya kok saya ga bisa import Tensorflow maupun keras dengan   pesan erornya seperti ini ""You need to first import keras in order keras_applications."" ?

Terima kasih sebelumnya ka, semoga bisa terjawab",DY10uyDy3vQ,True
@bima400,2020-01-22T10:46:01Z,2,Bermanfaat banget. Mulai ngikutin dari yang belajar python dasar sama hackerrank. Dari yang ga ngerti sama sekali sampe ngerti sedikit sedikit. Tetap lanjuttgan!,DY10uyDy3vQ,True
@seno-ark,2020-01-23T11:30:47Z,2,suaranya kayak web programming unpas,DY10uyDy3vQ,True
@rian9491,2020-01-24T09:47:21Z,2,"Sangat bermanfaat sekali.. penjelasannya jelas dan detail.. 
ditambah lagi adanya analogi seperti tadi latihan dan ujian.. 
*btw aku bingung di nilai parameter model machine learning, kenapa nilainya sekian.. 
trs kapan atau kasus seperti apa kita harus menggunakan model A, B , C.. hhee
lanjut dong mas.. 
sampai Deep Learning.. AI... hhheeee :D",DY10uyDy3vQ,True
@projectaddictive5226,2020-02-04T15:17:04Z,1,"mau tanya pak,  apakah setiap dataset di dalam ML itu selalu berbentuk csv ato bisa dalam bentuk gambar juga ya? seperti contoh kaya di DL jika kita ingin mendeteksi suatu object kita perlu dataset yg sangat buanyakk , dan itu pun berisi2 gambar,",DY10uyDy3vQ,True
@sermonpaskahzagoto1230,2020-05-07T06:36:00Z,1,"Selamat siang kak. Saya mau tanya untuk menjadi seorang machine learning engineering apaka harus menguasai image classification, face recognition menggunakan tensorflow, keras, neural network, cnn, dll? padahal hal seperti itu kan sudah masuk ke dalam deep learning. menurut saya seorang machine learning engineering lebih berfokus ke arah machine learning nya saja. apa itu supervised dan unsupervised, algoritma yang digunakan, mengusai data frame, forecasting, kemudian ke arah statistika, dll agar bisa diimplementasikan ke dunia kerja. Itu pendapat saya kak. Bagaimana menurut kakak?
Terima kasih sebelumnya kak",DY10uyDy3vQ,True
@hmn_official9753,2020-08-08T03:14:18Z,1,kalau pembagian training dan testingnya dengan 10 cross validatiob bagaimana penerapannya?,DY10uyDy3vQ,True
@BudiLiauw,2020-08-04T14:00:56Z,1,Makasih atas ilmu nya dan sehat selalu pak,DY10uyDy3vQ,True
@quantumhealing3973,2020-07-04T04:06:56Z,1,"Materinya sangat bagus dan mudah dipahami, tapi setelah kita menemukan nilai MAE langkah apalagi yg harus dilakukan? Terutama utk aplikasinya?",DY10uyDy3vQ,True
@henatriana5996,2020-06-11T10:16:41Z,1,Keren banget cara jelasinnya,DY10uyDy3vQ,True
@lashort4067,2020-01-22T15:02:29Z,1,maksud dari mean absolute error yang baik itu gimana bang? angka minimum dan maksimum dari MAE yang baik itu berapa ya bang?,DY10uyDy3vQ,True
@yozanadiprada4021,2020-05-26T15:39:42Z,1,"sangat membantu om,
terima kasih banyak ilmunya.",DY10uyDy3vQ,True
@dwiki428,2020-05-07T16:58:27Z,1,"permisi mau nannya, kenapa saat saya coba load dataset tidak bisa ya?",DY10uyDy3vQ,True
@MAfrizalSeptiansyah,2020-01-23T11:10:50Z,1,"Selamat malam pak, saya ingin bertanya, metode decision tree dan random forest regressor digunakan untuk regresi dengan pola linier atau non linier.?",DY10uyDy3vQ,True
@rexxar031,2020-04-09T20:35:43Z,1,Semangat buat video. You are the hero indonesia need,DY10uyDy3vQ,True
@SaefulAnwari_coretanganwar,2020-03-28T14:32:16Z,1,"terimakasih pak, kok suaranya mirip dengan pak sandikha galih di web programming unpas ya :D",DY10uyDy3vQ,True
@saidrasidin172,2020-01-23T13:25:39Z,1,"Cara nampilin Tree dari decision tree ny gimana om, dan kalau kita cari MAE minimum pada data test bukanya kita malah jadi overfitting modelnya terhadap data test, kan asumsinya kita ngak pernah tau data testnya",DY10uyDy3vQ,True
@rinsyarifuddin8696,2020-08-26T12:46:38Z,1,"Menit 14:59  menjelaskan tentang ""domenolej"" itu apa ya?",DY10uyDy3vQ,True
@rhyanz46,2020-01-23T15:47:24Z,1,Di tunggu lanjutannya pak,DY10uyDy3vQ,True
@thelakeofshiningwaters5936,2020-02-18T04:03:42Z,1,"kak kalau misalnya kita udh punya 100 sampel buat di training, dan 90 sampel buat testing itu di split nya gimana ya?",DY10uyDy3vQ,True
@riziqmaulana,2020-02-09T05:47:11Z,1,"Pak untuk yang train test split ga ditentukan misal 80% train, 20% test seperti pada umumnya?",DY10uyDy3vQ,True
@riziqmaulana,2020-02-09T04:59:12Z,1,Alhamdulillah bermanfaat sekali Pak,DY10uyDy3vQ,True
@esha_indra,2020-02-18T14:19:46Z,1,"Masih belum paham workflow machine learning secara umum itu gimana, siap nonton videonya kalau ada min ğŸ˜",DY10uyDy3vQ,True
@melkisedeksimanjuntak9242,2020-01-22T09:07:37Z,1,beda nya anaconda dengan pycharm apa ya? saya sering menggunakan pycharm,DY10uyDy3vQ,True
@danillyudhistira7285,2020-08-29T08:58:47Z,1,Mantap materinya ğŸ¤©,DY10uyDy3vQ,True
@ghozyalfa1816,2022-06-18T03:14:20Z,1,"Bang, Data cleaning yg method df.shape apakah sama dgn yg method df.dropna? Belum dijelasin di video hehe",DY10uyDy3vQ,True
@MrSalmantube100,2021-02-05T04:32:53Z,1,"Terima kasih atas ilmunya... mau tanya, bagaimana menentukan random state, kenapa di sini selalu bernilai 1?",DY10uyDy3vQ,True
@BudiLiauw,2020-10-21T07:36:03Z,1,"Makasih banyak pak, sangat membantu sekali buat pemula",DY10uyDy3vQ,True
@jonathanleanderlivestream8092,2021-04-22T05:36:43Z,1,Kalo features nya ada yang berisi string gmn ya ? saya mencoba bikin pake dataset Game,DY10uyDy3vQ,True
@ekacs999,2021-09-29T09:35:05Z,1,Video sebelum nya yg mana min?,DY10uyDy3vQ,True
@akhmadsaoqi1528,2021-12-13T18:20:29Z,1,"makasih banyak pak atas penecrahannya, sangat jelas dalam penjelasannya.",DY10uyDy3vQ,True
@sandrisan3018,2022-03-10T08:42:28Z,1,"Izin bertanya
Kak ada tutorial mengenai pengolahan citra?",DY10uyDy3vQ,True
@faishalichal8934,2022-03-24T09:35:22Z,1,jupiter lab itu aplikasi harus download juga pak?atau gimaan ?terimakasih pak,DY10uyDy3vQ,True
@faishalichal8934,2022-05-17T12:04:39Z,1,"permisi kak izin bertanya, itu saya sudah sesuain file pathnya kok gabisa ya warning no such file or directory gitu..kan nama file saya music.csv di dalam folder music jadi di pseducode saya ketik  './music/music.csv.'Kira kira menentukan file pathnya itu gimana ya?",DY10uyDy3vQ,True
@andikamaulana9314,2021-02-05T22:02:41Z,1,"thanks pak materinya, auto sub",DY10uyDy3vQ,True
@muhammadsobari5896,2021-01-24T17:18:28Z,1,"terimakasih pak ilmunya. pak, kalau studi kasus ini bisa lanjut di deploy menjadi sebuah aplikasi gak?",DY10uyDy3vQ,True
@tedikurnia6777,2020-12-20T03:36:42Z,1,"mau tanya min, itu kan ada sisa 20 kolom dalam feature selection, nah penentuan kolom mana yang harus kita pakai itu dari mana si ?",DY10uyDy3vQ,True
@seseselly,2022-06-23T06:05:55Z,1,"Jadi makin paham setelah nonton video ini. Dan jadi nagih ğŸ˜
Request belajar dengan model yg lain kak hihi",DY10uyDy3vQ,True
@adityanurilmanwibowo6963,2022-08-14T14:01:51Z,1,"Detail banget bang, izin follow gitnya ğŸ™",DY10uyDy3vQ,True
@hadi8091,2022-10-18T04:07:43Z,1,"Terima kasih pak, penjelasan bapak sungguh mudah dipahami. Tpi saya masih bingung dalam bagaimana model ini diterapkan dalam dunia nyata? karena yang saya pahami baru sebatas membuat model lalu menguji model tersebut, lalu pemanfaatannya masih belum mengerti . Mohon penjelasannya ya pak, Terima kasih",DY10uyDy3vQ,True
@Raditya0501,2023-09-13T15:01:01Z,1,"Makasi kak atas videonya ğŸ™‚
Tapi kak, aku mau tanya, setelah kita telah mendapat model dengan akurasi terbaik, selanjutnya diapakan ya?",DY10uyDy3vQ,True
@dhanitrianggara1772,2020-11-01T09:12:08Z,1,Mantap Sekali.,DY10uyDy3vQ,True
